names	start	values	strand
NC_000913.3	3496742	1	+
NC_000913.3	3496754	1	+
NC_000913.3	3496762	1	+
NC_000913.3	3496776	1	+
NC_000913.3	3496782	1	+
NC_000913.3	3496790	1	+
NC_000913.3	3496793	1	+
NC_000913.3	3496835	1	+
NC_000913.3	3496840	1	+
NC_000913.3	3496842	1	+
NC_000913.3	3496869	1	+
NC_000913.3	3496871	1	+
NC_000913.3	3496893	1	+
NC_000913.3	3496933	1	+
NC_000913.3	3497031	1	+
NC_000913.3	3497043	1	+
NC_000913.3	3497045	1	+
NC_000913.3	3497077	1	+
NC_000913.3	3497103	1	+
NC_000913.3	3497142	1	+
NC_000913.3	3497146	1	+
NC_000913.3	3497158	1	+
NC_000913.3	3497167	1	+
NC_000913.3	3497171	1	+
NC_000913.3	3497188	1	+
NC_000913.3	3497203	1	+
NC_000913.3	3497211	1	+
NC_000913.3	3497224	2	+
NC_000913.3	3497227	2	+
NC_000913.3	3497245	1	+
NC_000913.3	3497280	1	+
NC_000913.3	3497319	1	+
NC_000913.3	3497344	2	+
NC_000913.3	3497356	1	+
NC_000913.3	3497380	2	+
NC_000913.3	3497383	2	+
NC_000913.3	3497397	2	+
NC_000913.3	3497413	2	+
NC_000913.3	3497422	1	+
NC_000913.3	3497425	1	+
NC_000913.3	3497427	1	+
NC_000913.3	3497448	2	+
NC_000913.3	3497514	2	+
NC_000913.3	3497519	1	+
NC_000913.3	3497532	2	+
NC_000913.3	3497535	2	+
NC_000913.3	3497545	1	+
NC_000913.3	3497575	2	+
NC_000913.3	3497577	2	+
NC_000913.3	3497587	2	+
NC_000913.3	3497599	2	+
NC_000913.3	3497610	1	+
NC_000913.3	3497617	1	+
NC_000913.3	3497619	1	+
NC_000913.3	3497632	1	+
NC_000913.3	3497655	2	+
NC_000913.3	3497661	1	+
NC_000913.3	3497691	1	+
NC_000913.3	3497716	1	+
NC_000913.3	3497748	1	+
NC_000913.3	3497751	1	+
NC_000913.3	3497757	1	+
NC_000913.3	3497766	1	+
NC_000913.3	3497772	1	+
NC_000913.3	3497827	2	+
NC_000913.3	3497858	2	+
NC_000913.3	3497860	1	+
NC_000913.3	3497864	2	+
NC_000913.3	3497866	2	+
NC_000913.3	3497881	1	+
NC_000913.3	3497884	1	+
NC_000913.3	3497903	2	+
NC_000913.3	3497926	1	+
NC_000913.3	3497932	1	+
NC_000913.3	3497936	2	+
NC_000913.3	3497943	1	+
NC_000913.3	3497958	1	+
NC_000913.3	3497977	1	+
NC_000913.3	3498007	1	+
NC_000913.3	3498010	1	+
NC_000913.3	3498054	1	+
NC_000913.3	3498063	2	+
NC_000913.3	3498076	1	+
NC_000913.3	3498078	2	+
NC_000913.3	3498089	1	+
NC_000913.3	3498091	1	+
NC_000913.3	3498103	2	+
NC_000913.3	3498113	2	+
NC_000913.3	3498116	2	+
NC_000913.3	3498130	1	+
NC_000913.3	3498136	2	+
NC_000913.3	3498141	2	+
NC_000913.3	3498144	2	+
NC_000913.3	3498151	1	+
NC_000913.3	3498168	2	+
NC_000913.3	3498171	2	+
NC_000913.3	3498182	2	+
NC_000913.3	3498201	1	+
NC_000913.3	3498236	2	+
NC_000913.3	3498291	1	+
NC_000913.3	3498298	2	+
NC_000913.3	3498301	1	+
NC_000913.3	3498311	2	+
NC_000913.3	3498313	2	+
NC_000913.3	3498317	2	+
NC_000913.3	3498334	1	+
NC_000913.3	3498350	2	+
NC_000913.3	3498353	2	+
NC_000913.3	3498356	1	+
NC_000913.3	3498376	1	+
NC_000913.3	3498382	1	+
NC_000913.3	3498386	1	+
NC_000913.3	3498393	2	+
NC_000913.3	3498399	1	+
NC_000913.3	3498435	2	+
NC_000913.3	3498439	1	+
NC_000913.3	3498459	1	+
NC_000913.3	3498463	1	+
NC_000913.3	3498470	2	+
NC_000913.3	3498472	2	+
NC_000913.3	3498501	1	+
NC_000913.3	3498568	1	+
NC_000913.3	3498586	2	+
NC_000913.3	3498605	1	+
NC_000913.3	3498608	2	+
NC_000913.3	3498610	2	+
NC_000913.3	3498615	2	+
NC_000913.3	3498620	2	+
NC_000913.3	3498628	2	+
NC_000913.3	3498631	2	+
NC_000913.3	3498638	2	+
NC_000913.3	3498640	1	+
NC_000913.3	3498642	1	+
NC_000913.3	3498655	1	+
NC_000913.3	3498689	2	+
NC_000913.3	3498696	2	+
NC_000913.3	3498710	1	+
NC_000913.3	3498719	2	+
NC_000913.3	3498733	1	+
NC_000913.3	3498784	1	+
NC_000913.3	3498801	2	+
NC_000913.3	3498846	2	+
NC_000913.3	3498861	1	+
NC_000913.3	3498866	2	+
NC_000913.3	3498868	2	+
NC_000913.3	3498883	2	+
NC_000913.3	3498887	2	+
NC_000913.3	3498898	1	+
NC_000913.3	3498913	2	+
NC_000913.3	3498942	1	+
NC_000913.3	3498957	2	+
NC_000913.3	3498988	1	+
NC_000913.3	3498990	1	+
NC_000913.3	3499018	1	+
NC_000913.3	3499030	1	+
NC_000913.3	3499038	2	+
NC_000913.3	3499051	2	+
NC_000913.3	3499057	1	+
NC_000913.3	3499062	2	+
NC_000913.3	3499071	2	+
NC_000913.3	3499076	2	+
NC_000913.3	3499078	2	+
NC_000913.3	3499087	1	+
NC_000913.3	3499092	1	+
NC_000913.3	3499116	2	+
NC_000913.3	3499137	2	+
NC_000913.3	3499154	1	+
NC_000913.3	3499169	2	+
NC_000913.3	3499171	1	+
NC_000913.3	3499310	2	+
NC_000913.3	3499340	2	+
NC_000913.3	3499350	2	+
NC_000913.3	3499372	2	+
NC_000913.3	3499381	2	+
NC_000913.3	3499494	2	+
NC_000913.3	3499495	1	-
NC_000913.3	3499526	2	+
NC_000913.3	3499527	1	-
NC_000913.3	3499546	1	+
NC_000913.3	3499547	2	-
NC_000913.3	3499564	1	-
NC_000913.3	3499591	2	+
NC_000913.3	3499592	1	-
NC_000913.3	3499631	1	+
NC_000913.3	3499632	1	-
NC_000913.3	3499641	2	+
NC_000913.3	3499642	1	-
NC_000913.3	3499654	1	+
NC_000913.3	3499655	1	-
NC_000913.3	3499657	2	+
NC_000913.3	3499658	2	-
NC_000913.3	3499674	2	-
NC_000913.3	3499679	2	+
NC_000913.3	3499680	2	-
NC_000913.3	3499709	2	-
NC_000913.3	3499713	2	-
NC_000913.3	3499767	1	+
NC_000913.3	3499768	3	-
NC_000913.3	3499770	3	-
NC_000913.3	3499779	2	+
NC_000913.3	3499780	3	-
NC_000913.3	3499884	2	-
NC_000913.3	3499906	1	+
NC_000913.3	3499931	1	+
NC_000913.3	3499951	1	+
NC_000913.3	3499963	2	+
NC_000913.3	3499966	2	+
NC_000913.3	3499967	1	-
NC_000913.3	3499969	2	+
NC_000913.3	3499970	2	-
NC_000913.3	3499978	1	+
NC_000913.3	3499979	1	-
NC_000913.3	3499981	1	+
NC_000913.3	3499982	3	-
NC_000913.3	3499988	2	-
NC_000913.3	3500025	1	+
NC_000913.3	3500026	1	-
NC_000913.3	3500031	2	+
NC_000913.3	3500032	2	-
NC_000913.3	3500034	2	+
NC_000913.3	3500035	3	-
NC_000913.3	3500043	1	+
NC_000913.3	3500044	1	-
NC_000913.3	3500051	3	-
NC_000913.3	3500053	2	-
NC_000913.3	3500065	2	+
NC_000913.3	3500066	1	-
NC_000913.3	3500083	3	-
NC_000913.3	3500092	1	+
NC_000913.3	3500093	3	-
NC_000913.3	3500100	1	+
NC_000913.3	3500113	2	+
NC_000913.3	3500122	2	-
NC_000913.3	3500131	2	+
NC_000913.3	3500132	4	-
NC_000913.3	3500158	2	+
NC_000913.3	3500165	2	+
NC_000913.3	3500166	4	-
NC_000913.3	3500170	1	-
NC_000913.3	3500186	2	-
NC_000913.3	3500209	1	+
NC_000913.3	3500210	3	-
NC_000913.3	3500214	2	+
NC_000913.3	3500215	2	-
NC_000913.3	3500218	3	-
NC_000913.3	3500226	3	+
NC_000913.3	3500227	3	-
NC_000913.3	3500235	3	+
NC_000913.3	3500236	3	-
NC_000913.3	3500241	2	+
NC_000913.3	3500242	4	-
NC_000913.3	3500268	3	+
NC_000913.3	3500269	1	-
NC_000913.3	3500275	3	+
NC_000913.3	3500276	2	-
NC_000913.3	3500281	2	-
NC_000913.3	3500287	2	+
NC_000913.3	3500288	2	-
NC_000913.3	3500299	2	+
NC_000913.3	3500300	1	-
NC_000913.3	3500302	2	+
NC_000913.3	3500303	3	-
NC_000913.3	3500305	3	+
NC_000913.3	3500306	3	-
NC_000913.3	3500317	3	+
NC_000913.3	3500318	1	-
NC_000913.3	3500339	3	+
NC_000913.3	3500340	4	-
NC_000913.3	3500345	1	-
NC_000913.3	3500353	2	+
NC_000913.3	3500354	3	-
NC_000913.3	3500357	4	-
NC_000913.3	3500362	4	-
NC_000913.3	3500370	3	+
NC_000913.3	3500371	2	-
NC_000913.3	3500383	3	+
NC_000913.3	3500384	1	-
NC_000913.3	3500398	4	-
NC_000913.3	3500407	3	+
NC_000913.3	3500408	4	-
NC_000913.3	3500439	3	+
NC_000913.3	3500440	1	-
NC_000913.3	3500452	3	+
NC_000913.3	3500453	5	-
NC_000913.3	3500469	3	+
NC_000913.3	3500470	5	-
NC_000913.3	3500476	3	+
NC_000913.3	3500477	4	-
NC_000913.3	3500481	2	+
NC_000913.3	3500496	1	+
NC_000913.3	3500497	3	-
NC_000913.3	3500505	3	+
NC_000913.3	3500506	2	-
NC_000913.3	3500529	3	+
NC_000913.3	3500530	5	-
NC_000913.3	3500536	4	+
NC_000913.3	3500537	2	-
NC_000913.3	3500563	3	+
NC_000913.3	3500564	5	-
NC_000913.3	3500566	2	+
NC_000913.3	3500567	5	-
NC_000913.3	3500581	1	+
NC_000913.3	3500597	1	+
NC_000913.3	3500598	2	-
NC_000913.3	3500601	1	+
NC_000913.3	3500602	3	-
NC_000913.3	3500649	4	+
NC_000913.3	3500650	2	-
NC_000913.3	3500663	3	-
NC_000913.3	3500677	1	+
NC_000913.3	3500678	4	-
NC_000913.3	3500686	2	+
NC_000913.3	3500687	1	-
NC_000913.3	3500700	3	+
NC_000913.3	3500701	1	-
NC_000913.3	3500703	2	+
NC_000913.3	3500704	5	-
NC_000913.3	3500710	2	+
NC_000913.3	3500711	5	-
NC_000913.3	3500713	1	+
NC_000913.3	3500714	5	-
NC_000913.3	3500731	1	+
NC_000913.3	3500732	5	-
NC_000913.3	3500737	4	+
NC_000913.3	3500738	5	-
NC_000913.3	3500769	2	+
NC_000913.3	3500770	3	-
NC_000913.3	3500772	1	+
NC_000913.3	3500773	5	-
NC_000913.3	3500779	4	+
NC_000913.3	3500780	4	-
NC_000913.3	3500793	2	+
NC_000913.3	3500794	2	-
NC_000913.3	3500806	4	+
NC_000913.3	3500807	1	-
NC_000913.3	3500820	3	+
NC_000913.3	3500821	4	-
NC_000913.3	3500822	3	+
NC_000913.3	3500823	4	-
NC_000913.3	3500833	3	+
NC_000913.3	3500834	5	-
NC_000913.3	3500836	5	-
NC_000913.3	3500841	3	+
NC_000913.3	3500842	4	-
NC_000913.3	3500869	2	+
NC_000913.3	3500870	5	-
NC_000913.3	3500884	1	-
NC_000913.3	3500895	4	+
NC_000913.3	3500896	4	-
NC_000913.3	3500898	2	+
NC_000913.3	3500899	4	-
NC_000913.3	3500925	3	+
NC_000913.3	3500926	4	-
NC_000913.3	3500947	2	+
NC_000913.3	3500948	4	-
NC_000913.3	3500954	4	-
NC_000913.3	3501016	1	+
NC_000913.3	3501017	4	-
NC_000913.3	3501035	4	+
NC_000913.3	3501036	3	-
NC_000913.3	3501041	2	+
NC_000913.3	3501042	4	-
NC_000913.3	3501043	3	+
NC_000913.3	3501044	5	-
NC_000913.3	3501046	2	+
NC_000913.3	3501047	5	-
NC_000913.3	3501057	2	+
NC_000913.3	3501065	3	+
NC_000913.3	3501066	2	-
NC_000913.3	3501073	3	-
NC_000913.3	3501079	1	+
NC_000913.3	3501097	3	+
NC_000913.3	3501098	4	-
NC_000913.3	3501105	2	+
NC_000913.3	3501106	5	-
NC_000913.3	3501124	5	+
NC_000913.3	3501125	5	-
NC_000913.3	3501147	4	+
NC_000913.3	3501148	5	-
NC_000913.3	3501155	5	-
NC_000913.3	3501166	3	+
NC_000913.3	3501167	2	-
NC_000913.3	3501169	4	+
NC_000913.3	3501170	4	-
NC_000913.3	3501175	3	+
NC_000913.3	3501176	3	-
NC_000913.3	3501202	5	+
NC_000913.3	3501203	5	-
NC_000913.3	3501213	4	+
NC_000913.3	3501214	4	-
NC_000913.3	3501218	3	+
NC_000913.3	3501219	4	-
NC_000913.3	3501224	3	+
NC_000913.3	3501225	3	-
NC_000913.3	3501235	2	+
NC_000913.3	3501243	5	+
NC_000913.3	3501244	5	-
NC_000913.3	3501291	6	+
NC_000913.3	3501309	6	+
NC_000913.3	3501310	5	-
NC_000913.3	3501351	5	+
NC_000913.3	3501352	4	-
NC_000913.3	3501356	4	+
NC_000913.3	3501357	1	-
NC_000913.3	3501366	4	+
NC_000913.3	3501367	5	-
NC_000913.3	3501372	4	+
NC_000913.3	3501391	3	+
NC_000913.3	3501392	4	-
NC_000913.3	3501393	3	+
NC_000913.3	3501394	3	-
NC_000913.3	3501403	5	+
NC_000913.3	3501404	5	-
NC_000913.3	3501414	6	+
NC_000913.3	3501415	2	-
NC_000913.3	3501423	5	+
NC_000913.3	3501428	6	+
NC_000913.3	3501429	1	-
NC_000913.3	3501438	4	+
NC_000913.3	3501439	3	-
NC_000913.3	3501440	2	+
NC_000913.3	3501441	4	-
NC_000913.3	3501443	5	+
NC_000913.3	3501444	5	-
NC_000913.3	3501449	4	+
NC_000913.3	3501450	3	-
NC_000913.3	3501452	2	+
NC_000913.3	3501453	5	-
NC_000913.3	3501464	5	+
NC_000913.3	3501465	2	-
NC_000913.3	3501469	6	+
NC_000913.3	3501470	2	-
NC_000913.3	3501478	5	-
NC_000913.3	3501492	4	+
NC_000913.3	3501493	5	-
NC_000913.3	3501501	1	+
NC_000913.3	3501502	5	-
NC_000913.3	3501516	3	+
NC_000913.3	3501517	4	-
NC_000913.3	3501527	3	+
NC_000913.3	3501528	5	-
NC_000913.3	3501532	7	+
NC_000913.3	3501533	4	-
NC_000913.3	3501537	7	+
NC_000913.3	3501538	4	-
NC_000913.3	3501540	4	+
NC_000913.3	3501541	5	-
NC_000913.3	3501544	5	+
NC_000913.3	3501545	5	-
NC_000913.3	3501549	4	+
NC_000913.3	3501550	5	-
NC_000913.3	3501561	5	+
NC_000913.3	3501562	3	-
NC_000913.3	3501573	5	+
NC_000913.3	3501574	5	-
NC_000913.3	3501582	6	+
NC_000913.3	3501583	4	-
NC_000913.3	3501599	1	+
NC_000913.3	3501600	3	-
NC_000913.3	3501613	6	+
NC_000913.3	3501621	7	+
NC_000913.3	3501622	3	-
NC_000913.3	3501624	4	+
NC_000913.3	3501625	5	-
NC_000913.3	3501635	5	+
NC_000913.3	3501636	4	-
NC_000913.3	3501638	2	+
NC_000913.3	3501639	6	-
NC_000913.3	3501649	5	+
NC_000913.3	3501650	4	-
NC_000913.3	3501651	6	+
NC_000913.3	3501652	5	-
NC_000913.3	3501653	5	+
NC_000913.3	3501654	5	-
NC_000913.3	3501663	5	-
NC_000913.3	3501671	5	+
NC_000913.3	3501672	4	-
NC_000913.3	3501674	6	+
NC_000913.3	3501675	5	-
NC_000913.3	3501677	5	+
NC_000913.3	3501678	5	-
NC_000913.3	3501702	2	+
NC_000913.3	3501703	6	-
NC_000913.3	3501741	5	+
NC_000913.3	3501742	3	-
NC_000913.3	3501763	4	+
NC_000913.3	3501764	6	-
NC_000913.3	3501768	3	+
NC_000913.3	3501769	7	-
NC_000913.3	3501770	8	+
NC_000913.3	3501771	7	-
NC_000913.3	3501773	8	+
NC_000913.3	3501774	6	-
NC_000913.3	3501777	6	+
NC_000913.3	3501778	5	-
NC_000913.3	3501779	6	+
NC_000913.3	3501780	5	-
NC_000913.3	3501786	8	+
NC_000913.3	3501787	6	-
NC_000913.3	3501801	6	+
NC_000913.3	3501802	6	-
NC_000913.3	3501818	5	+
NC_000913.3	3501819	7	-
NC_000913.3	3501824	7	+
NC_000913.3	3501825	6	-
NC_000913.3	3501828	5	+
NC_000913.3	3501829	8	-
NC_000913.3	3501841	8	+
NC_000913.3	3501842	8	-
NC_000913.3	3501862	8	+
NC_000913.3	3501863	1	-
NC_000913.3	3501893	6	+
NC_000913.3	3501894	7	-
NC_000913.3	3501906	1	+
NC_000913.3	3501907	2	-
NC_000913.3	3501914	5	+
NC_000913.3	3501915	2	-
NC_000913.3	3501920	5	+
NC_000913.3	3501925	7	+
NC_000913.3	3501926	8	-
NC_000913.3	3501929	8	+
NC_000913.3	3501930	7	-
NC_000913.3	3501956	8	+
NC_000913.3	3501957	1	-
NC_000913.3	3501977	7	+
NC_000913.3	3501978	7	-
NC_000913.3	3501981	5	+
NC_000913.3	3501982	8	-
NC_000913.3	3501987	8	+
NC_000913.3	3501988	6	-
NC_000913.3	3501999	5	+
NC_000913.3	3502000	2	-
NC_000913.3	3502009	3	+
NC_000913.3	3502010	4	-
NC_000913.3	3502019	1	+
NC_000913.3	3502020	1	-
NC_000913.3	3502032	7	+
NC_000913.3	3502033	7	-
NC_000913.3	3502037	8	+
NC_000913.3	3502041	8	+
NC_000913.3	3502042	7	-
NC_000913.3	3502047	8	-
NC_000913.3	3502062	8	+
NC_000913.3	3502063	2	-
NC_000913.3	3502078	7	+
NC_000913.3	3502079	2	-
NC_000913.3	3502089	7	+
NC_000913.3	3502090	6	-
NC_000913.3	3502093	3	+
NC_000913.3	3502094	6	-
NC_000913.3	3502095	5	+
NC_000913.3	3502096	8	-
NC_000913.3	3502117	7	+
NC_000913.3	3502118	8	-
NC_000913.3	3502128	3	+
NC_000913.3	3502129	4	-
NC_000913.3	3502134	8	+
NC_000913.3	3502135	6	-
NC_000913.3	3502140	7	+
NC_000913.3	3502141	6	-
NC_000913.3	3502146	7	+
NC_000913.3	3502147	6	-
NC_000913.3	3502149	8	+
NC_000913.3	3502150	5	-
NC_000913.3	3502157	3	+
NC_000913.3	3502158	1	-
NC_000913.3	3502173	2	-
NC_000913.3	3502184	10	+
NC_000913.3	3502185	9	-
NC_000913.3	3502197	9	+
NC_000913.3	3502198	2	-
NC_000913.3	3502258	9	+
NC_000913.3	3502259	5	-
NC_000913.3	3502261	10	+
NC_000913.3	3502262	6	-
NC_000913.3	3502269	5	+
NC_000913.3	3502270	6	-
NC_000913.3	3502300	2	+
NC_000913.3	3502301	4	-
NC_000913.3	3502306	8	-
NC_000913.3	3502311	5	+
NC_000913.3	3502312	1	-
NC_000913.3	3502316	9	+
NC_000913.3	3502317	1	-
NC_000913.3	3502324	3	+
NC_000913.3	3502325	5	-
NC_000913.3	3502339	7	-
NC_000913.3	3502363	8	+
NC_000913.3	3502364	9	-
NC_000913.3	3502373	3	+
NC_000913.3	3502374	6	-
NC_000913.3	3502390	7	+
NC_000913.3	3502391	7	-
NC_000913.3	3502397	7	+
NC_000913.3	3502398	1	-
NC_000913.3	3502408	7	+
NC_000913.3	3502409	6	-
NC_000913.3	3502420	9	+
NC_000913.3	3502421	7	-
NC_000913.3	3502423	8	+
NC_000913.3	3502424	9	-
NC_000913.3	3502429	12	+
NC_000913.3	3502430	4	-
NC_000913.3	3502441	12	+
NC_000913.3	3502442	5	-
NC_000913.3	3502445	10	+
NC_000913.3	3502446	9	-
NC_000913.3	3502449	6	+
NC_000913.3	3502450	9	-
NC_000913.3	3502453	9	+
NC_000913.3	3502454	9	-
NC_000913.3	3502455	9	+
NC_000913.3	3502456	9	-
NC_000913.3	3502459	6	+
NC_000913.3	3502460	9	-
NC_000913.3	3502461	9	+
NC_000913.3	3502462	6	-
NC_000913.3	3502464	12	+
NC_000913.3	3502465	4	-
NC_000913.3	3502476	8	+
NC_000913.3	3502477	3	-
NC_000913.3	3502480	8	+
NC_000913.3	3502481	5	-
NC_000913.3	3502500	8	+
NC_000913.3	3502501	4	-
NC_000913.3	3502506	11	+
NC_000913.3	3502507	8	-
NC_000913.3	3502512	9	+
NC_000913.3	3502513	9	-
NC_000913.3	3502524	6	+
NC_000913.3	3502525	6	-
NC_000913.3	3502531	13	+
NC_000913.3	3502532	6	-
NC_000913.3	3502539	13	+
NC_000913.3	3502540	8	-
NC_000913.3	3502552	6	+
NC_000913.3	3502553	7	-
NC_000913.3	3502560	4	+
NC_000913.3	3502561	9	-
NC_000913.3	3502579	13	+
NC_000913.3	3502580	9	-
NC_000913.3	3502592	13	+
NC_000913.3	3502593	9	-
NC_000913.3	3502595	12	+
NC_000913.3	3502596	9	-
NC_000913.3	3502597	9	+
NC_000913.3	3502598	7	-
NC_000913.3	3502606	9	+
NC_000913.3	3502607	8	-
NC_000913.3	3502623	9	+
NC_000913.3	3502624	8	-
NC_000913.3	3502648	12	+
NC_000913.3	3502649	6	-
NC_000913.3	3502650	10	+
NC_000913.3	3502651	7	-
NC_000913.3	3502659	12	+
NC_000913.3	3502660	3	-
NC_000913.3	3502669	5	+
NC_000913.3	3502670	7	-
NC_000913.3	3502671	4	+
NC_000913.3	3502672	5	-
NC_000913.3	3502678	4	+
NC_000913.3	3502679	3	-
NC_000913.3	3502680	4	+
NC_000913.3	3502681	3	-
NC_000913.3	3502692	7	+
NC_000913.3	3502693	6	-
NC_000913.3	3502715	11	+
NC_000913.3	3502716	4	-
NC_000913.3	3502735	5	+
NC_000913.3	3502736	6	-
NC_000913.3	3502750	11	+
NC_000913.3	3502751	4	-
NC_000913.3	3502752	4	+
NC_000913.3	3502753	3	-
NC_000913.3	3502762	8	+
NC_000913.3	3502763	6	-
NC_000913.3	3502780	6	+
NC_000913.3	3502781	4	-
NC_000913.3	3502785	11	+
NC_000913.3	3502786	2	-
NC_000913.3	3502791	9	+
NC_000913.3	3502792	5	-
NC_000913.3	3502794	8	+
NC_000913.3	3502795	8	-
NC_000913.3	3502803	9	+
NC_000913.3	3502804	7	-
NC_000913.3	3502807	13	+
NC_000913.3	3502808	8	-
NC_000913.3	3502810	12	+
NC_000913.3	3502811	5	-
NC_000913.3	3502839	9	+
NC_000913.3	3502840	5	-
NC_000913.3	3502845	10	+
NC_000913.3	3502846	6	-
NC_000913.3	3502857	7	+
NC_000913.3	3502858	5	-
NC_000913.3	3502860	9	+
NC_000913.3	3502861	6	-
NC_000913.3	3502862	9	+
NC_000913.3	3502863	6	-
NC_000913.3	3502879	10	+
NC_000913.3	3502880	7	-
NC_000913.3	3502888	8	+
NC_000913.3	3502889	7	-
NC_000913.3	3502890	9	+
NC_000913.3	3502891	7	-
NC_000913.3	3502893	12	+
NC_000913.3	3502894	7	-
NC_000913.3	3502905	11	+
NC_000913.3	3502906	4	-
NC_000913.3	3502911	7	+
NC_000913.3	3502912	5	-
NC_000913.3	3502927	9	+
NC_000913.3	3502928	8	-
NC_000913.3	3502939	13	+
NC_000913.3	3502940	9	-
NC_000913.3	3502949	5	+
NC_000913.3	3502950	7	-
NC_000913.3	3502966	12	+
NC_000913.3	3502967	7	-
NC_000913.3	3502972	9	+
NC_000913.3	3502973	4	-
NC_000913.3	3502975	10	+
NC_000913.3	3502976	6	-
NC_000913.3	3502984	2	+
NC_000913.3	3502985	9	-
NC_000913.3	3502989	12	+
NC_000913.3	3502990	5	-
NC_000913.3	3503019	9	+
NC_000913.3	3503020	3	-
NC_000913.3	3503024	10	+
NC_000913.3	3503025	2	-
NC_000913.3	3503036	12	+
NC_000913.3	3503037	9	-
NC_000913.3	3503038	8	+
NC_000913.3	3503039	9	-
NC_000913.3	3503051	10	+
NC_000913.3	3503052	2	-
NC_000913.3	3503073	11	+
NC_000913.3	3503074	9	-
NC_000913.3	3503088	10	+
NC_000913.3	3503089	8	-
NC_000913.3	3503101	11	+
NC_000913.3	3503102	8	-
NC_000913.3	3503120	4	+
NC_000913.3	3503121	6	-
NC_000913.3	3503127	13	+
NC_000913.3	3503128	7	-
NC_000913.3	3503135	12	+
NC_000913.3	3503136	3	-
NC_000913.3	3503141	4	+
NC_000913.3	3503142	6	-
NC_000913.3	3503143	8	+
NC_000913.3	3503144	6	-
NC_000913.3	3503145	9	+
NC_000913.3	3503146	5	-
NC_000913.3	3503154	10	+
NC_000913.3	3503155	1	-
NC_000913.3	3503180	11	+
NC_000913.3	3503181	9	-
NC_000913.3	3503187	13	+
NC_000913.3	3503188	9	-
NC_000913.3	3503190	8	+
NC_000913.3	3503191	9	-
NC_000913.3	3503199	11	+
NC_000913.3	3503200	8	-
NC_000913.3	3503202	11	+
NC_000913.3	3503203	8	-
NC_000913.3	3503213	2	+
NC_000913.3	3503214	2	-
NC_000913.3	3503228	4	+
NC_000913.3	3503229	6	-
NC_000913.3	3503238	11	+
NC_000913.3	3503239	4	-
NC_000913.3	3503246	8	+
NC_000913.3	3503247	6	-
NC_000913.3	3503258	9	+
NC_000913.3	3503259	8	-
NC_000913.3	3503272	7	+
NC_000913.3	3503273	3	-
NC_000913.3	3503277	12	+
NC_000913.3	3503278	6	-
NC_000913.3	3503288	11	+
NC_000913.3	3503313	11	+
NC_000913.3	3503314	8	-
NC_000913.3	3503322	11	+
NC_000913.3	3503323	8	-
NC_000913.3	3503346	10	+
NC_000913.3	3503347	5	-
NC_000913.3	3503350	1	+
NC_000913.3	3503351	9	-
NC_000913.3	3503358	12	+
NC_000913.3	3503359	7	-
NC_000913.3	3503361	9	+
NC_000913.3	3503362	8	-
NC_000913.3	3503381	12	+
NC_000913.3	3503382	7	-
NC_000913.3	3503388	10	+
NC_000913.3	3503389	7	-
NC_000913.3	3503391	7	+
NC_000913.3	3503392	7	-
NC_000913.3	3503397	8	+
NC_000913.3	3503398	9	-
NC_000913.3	3503421	9	+
NC_000913.3	3503422	9	-
NC_000913.3	3503431	13	+
NC_000913.3	3503432	3	-
NC_000913.3	3503433	13	+
NC_000913.3	3503434	8	-
NC_000913.3	3503442	7	+
NC_000913.3	3503443	9	-
NC_000913.3	3503451	10	+
NC_000913.3	3503452	6	-
NC_000913.3	3503457	4	+
NC_000913.3	3503458	7	-
NC_000913.3	3503466	10	+
NC_000913.3	3503467	9	-
NC_000913.3	3503493	9	+
NC_000913.3	3503494	4	-
NC_000913.3	3503504	7	+
NC_000913.3	3503505	7	-
NC_000913.3	3503523	8	+
NC_000913.3	3503524	9	-
NC_000913.3	3503525	4	+
NC_000913.3	3503526	8	-
NC_000913.3	3503543	14	+
NC_000913.3	3503544	4	-
NC_000913.3	3503550	10	+
NC_000913.3	3503551	10	-
NC_000913.3	3503568	8	+
NC_000913.3	3503569	2	-
NC_000913.3	3503573	12	+
NC_000913.3	3503574	2	-
NC_000913.3	3503586	5	+
NC_000913.3	3503587	3	-
NC_000913.3	3503592	5	+
NC_000913.3	3503593	7	-
NC_000913.3	3503601	5	+
NC_000913.3	3503602	10	-
NC_000913.3	3503618	3	+
NC_000913.3	3503619	10	-
NC_000913.3	3503639	8	+
NC_000913.3	3503640	10	-
NC_000913.3	3503646	12	+
NC_000913.3	3503647	4	-
NC_000913.3	3503664	2	+
NC_000913.3	3503665	8	-
NC_000913.3	3503669	7	+
NC_000913.3	3503670	4	-
NC_000913.3	3503679	9	+
NC_000913.3	3503680	10	-
NC_000913.3	3503684	11	+
NC_000913.3	3503685	1	-
NC_000913.3	3503689	12	+
NC_000913.3	3503690	9	-
NC_000913.3	3503705	4	+
NC_000913.3	3503706	10	-
NC_000913.3	3503717	2	-
NC_000913.3	3503721	10	+
NC_000913.3	3503722	4	-
NC_000913.3	3503741	9	+
NC_000913.3	3503742	4	-
NC_000913.3	3503754	8	+
NC_000913.3	3503755	3	-
NC_000913.3	3503775	8	+
NC_000913.3	3503776	5	-
NC_000913.3	3503777	4	+
NC_000913.3	3503778	6	-
NC_000913.3	3503788	9	+
NC_000913.3	3503789	10	-
NC_000913.3	3503804	12	+
NC_000913.3	3503805	2	-
NC_000913.3	3503810	12	+
NC_000913.3	3503811	9	-
NC_000913.3	3503817	14	+
NC_000913.3	3503818	9	-
NC_000913.3	3503832	13	+
NC_000913.3	3503833	1	-
NC_000913.3	3503840	9	+
NC_000913.3	3503841	9	-
NC_000913.3	3503850	14	+
NC_000913.3	3503851	1	-
NC_000913.3	3503862	12	+
NC_000913.3	3503863	6	-
NC_000913.3	3503873	9	+
NC_000913.3	3503888	8	+
NC_000913.3	3503889	7	-
NC_000913.3	3503894	14	+
NC_000913.3	3503895	10	-
NC_000913.3	3503900	7	+
NC_000913.3	3503901	7	-
NC_000913.3	3503909	14	+
NC_000913.3	3503910	3	-
NC_000913.3	3503912	12	+
NC_000913.3	3503913	3	-
NC_000913.3	3503916	9	+
NC_000913.3	3503917	4	-
NC_000913.3	3503918	4	+
NC_000913.3	3503919	5	-
NC_000913.3	3503921	5	+
NC_000913.3	3503922	7	-
NC_000913.3	3503940	1	+
NC_000913.3	3503941	6	-
NC_000913.3	3503959	8	+
NC_000913.3	3503960	3	-
NC_000913.3	3503965	13	+
NC_000913.3	3503966	5	-
NC_000913.3	3503979	11	+
NC_000913.3	3503980	8	-
NC_000913.3	3503985	3	+
NC_000913.3	3503986	3	-
NC_000913.3	3504000	5	+
NC_000913.3	3504007	11	+
NC_000913.3	3504008	9	-
NC_000913.3	3504021	8	-
NC_000913.3	3504047	11	+
NC_000913.3	3504048	9	-
NC_000913.3	3504062	15	+
NC_000913.3	3504063	2	-
NC_000913.3	3504067	8	+
NC_000913.3	3504068	6	-
NC_000913.3	3504090	10	+
NC_000913.3	3504091	9	-
NC_000913.3	3504096	5	+
NC_000913.3	3504097	6	-
NC_000913.3	3504100	6	+
NC_000913.3	3504101	9	-
NC_000913.3	3504106	2	+
NC_000913.3	3504107	9	-
NC_000913.3	3504123	7	+
NC_000913.3	3504124	7	-
NC_000913.3	3504125	7	+
NC_000913.3	3504126	9	-
NC_000913.3	3504144	10	+
NC_000913.3	3504145	2	-
NC_000913.3	3504162	9	+
NC_000913.3	3504163	9	-
NC_000913.3	3504168	5	+
NC_000913.3	3504169	8	-
NC_000913.3	3504189	9	+
NC_000913.3	3504190	4	-
NC_000913.3	3504196	12	+
NC_000913.3	3504197	10	-
NC_000913.3	3504208	14	+
NC_000913.3	3504209	9	-
NC_000913.3	3504222	8	+
NC_000913.3	3504223	10	-
NC_000913.3	3504237	11	+
NC_000913.3	3504238	10	-
NC_000913.3	3504240	9	+
NC_000913.3	3504241	9	-
NC_000913.3	3504250	5	+
NC_000913.3	3504251	1	-
NC_000913.3	3504297	7	+
NC_000913.3	3504298	9	-
NC_000913.3	3504324	12	+
NC_000913.3	3504325	10	-
NC_000913.3	3504333	11	+
NC_000913.3	3504334	8	-
NC_000913.3	3504350	15	+
NC_000913.3	3504351	7	-
NC_000913.3	3504353	13	+
NC_000913.3	3504354	10	-
NC_000913.3	3504369	13	+
NC_000913.3	3504370	5	-
NC_000913.3	3504379	17	+
NC_000913.3	3504387	15	+
NC_000913.3	3504388	5	-
NC_000913.3	3504390	12	+
NC_000913.3	3504391	10	-
NC_000913.3	3504392	12	+
NC_000913.3	3504393	9	-
NC_000913.3	3504395	13	+
NC_000913.3	3504396	5	-
NC_000913.3	3504402	13	+
NC_000913.3	3504403	7	-
NC_000913.3	3504420	3	+
NC_000913.3	3504429	6	+
NC_000913.3	3504430	8	-
NC_000913.3	3504448	11	+
NC_000913.3	3504449	2	-
NC_000913.3	3504462	13	+
NC_000913.3	3504463	5	-
NC_000913.3	3504473	15	+
NC_000913.3	3504474	1	-
NC_000913.3	3504500	4	+
NC_000913.3	3504501	4	-
NC_000913.3	3504506	14	+
NC_000913.3	3504507	6	-
NC_000913.3	3504508	13	+
NC_000913.3	3504509	6	-
NC_000913.3	3504534	18	+
NC_000913.3	3504535	9	-
NC_000913.3	3504537	14	+
NC_000913.3	3504538	10	-
NC_000913.3	3504571	17	+
NC_000913.3	3504572	3	-
NC_000913.3	3504581	8	+
NC_000913.3	3504582	7	-
NC_000913.3	3504583	10	+
NC_000913.3	3504584	7	-
NC_000913.3	3504594	2	+
NC_000913.3	3504595	10	-
NC_000913.3	3504609	13	+
NC_000913.3	3504610	7	-
NC_000913.3	3504621	13	+
NC_000913.3	3504622	6	-
NC_000913.3	3504628	8	+
NC_000913.3	3504629	11	-
NC_000913.3	3504632	4	+
NC_000913.3	3504633	9	-
NC_000913.3	3504654	11	+
NC_000913.3	3504655	6	-
NC_000913.3	3504663	16	+
NC_000913.3	3504664	11	-
NC_000913.3	3504668	12	+
NC_000913.3	3504669	4	-
NC_000913.3	3504676	11	+
NC_000913.3	3504677	9	-
NC_000913.3	3504690	12	+
NC_000913.3	3504691	10	-
NC_000913.3	3504713	16	+
NC_000913.3	3504714	11	-
NC_000913.3	3504720	5	+
NC_000913.3	3504721	10	-
NC_000913.3	3504726	1	+
NC_000913.3	3504727	11	-
NC_000913.3	3504739	10	+
NC_000913.3	3504740	6	-
NC_000913.3	3504741	10	+
NC_000913.3	3504742	6	-
NC_000913.3	3504748	15	+
NC_000913.3	3504749	7	-
NC_000913.3	3504785	16	+
NC_000913.3	3504786	8	-
NC_000913.3	3504792	18	+
NC_000913.3	3504803	17	+
NC_000913.3	3504804	10	-
NC_000913.3	3504812	19	+
NC_000913.3	3504813	8	-
NC_000913.3	3504818	5	+
NC_000913.3	3504819	11	-
NC_000913.3	3504821	8	+
NC_000913.3	3504822	10	-
NC_000913.3	3504830	8	+
NC_000913.3	3504831	9	-
NC_000913.3	3504832	11	+
NC_000913.3	3504833	6	-
NC_000913.3	3504849	18	+
NC_000913.3	3504850	10	-
NC_000913.3	3504853	18	+
NC_000913.3	3504854	10	-
NC_000913.3	3504887	18	+
NC_000913.3	3504888	5	-
NC_000913.3	3504896	9	+
NC_000913.3	3504897	9	-
NC_000913.3	3504905	20	+
NC_000913.3	3504920	16	+
NC_000913.3	3504921	10	-
NC_000913.3	3504957	9	+
NC_000913.3	3504958	5	-
NC_000913.3	3504966	12	+
NC_000913.3	3504967	9	-
NC_000913.3	3504974	9	+
NC_000913.3	3504975	11	-
NC_000913.3	3504985	17	+
NC_000913.3	3504986	4	-
NC_000913.3	3504990	17	+
NC_000913.3	3504991	6	-
NC_000913.3	3504995	16	+
NC_000913.3	3504996	1	-
NC_000913.3	3505005	14	+
NC_000913.3	3505006	11	-
NC_000913.3	3505010	18	+
NC_000913.3	3505011	14	-
NC_000913.3	3505034	16	+
NC_000913.3	3505035	13	-
NC_000913.3	3505041	16	+
NC_000913.3	3505042	13	-
NC_000913.3	3505046	11	+
NC_000913.3	3505047	12	-
NC_000913.3	3505051	3	+
NC_000913.3	3505052	2	-
NC_000913.3	3505059	14	+
NC_000913.3	3505060	13	-
NC_000913.3	3505070	17	+
NC_000913.3	3505071	12	-
NC_000913.3	3505073	15	+
NC_000913.3	3505074	12	-
NC_000913.3	3505088	12	+
NC_000913.3	3505089	10	-
NC_000913.3	3505103	18	+
NC_000913.3	3505120	11	+
NC_000913.3	3505121	6	-
NC_000913.3	3505122	12	+
NC_000913.3	3505123	6	-
NC_000913.3	3505130	15	+
NC_000913.3	3505131	14	-
NC_000913.3	3505150	13	+
NC_000913.3	3505151	10	-
NC_000913.3	3505157	16	+
NC_000913.3	3505158	9	-
NC_000913.3	3505171	17	+
NC_000913.3	3505172	13	-
NC_000913.3	3505187	8	+
NC_000913.3	3505188	12	-
NC_000913.3	3505193	13	+
NC_000913.3	3505194	13	-
NC_000913.3	3505208	17	+
NC_000913.3	3505209	7	-
NC_000913.3	3505210	17	+
NC_000913.3	3505211	6	-
NC_000913.3	3505223	2	+
NC_000913.3	3505224	11	-
NC_000913.3	3505229	10	+
NC_000913.3	3505230	10	-
NC_000913.3	3505237	17	+
NC_000913.3	3505238	7	-
NC_000913.3	3505257	14	+
NC_000913.3	3505258	12	-
NC_000913.3	3505280	15	+
NC_000913.3	3505281	4	-
NC_000913.3	3505282	12	+
NC_000913.3	3505283	11	-
NC_000913.3	3505295	18	+
NC_000913.3	3505296	7	-
NC_000913.3	3505311	9	+
NC_000913.3	3505312	5	-
NC_000913.3	3505325	14	+
NC_000913.3	3505326	10	-
NC_000913.3	3505333	20	+
NC_000913.3	3505334	10	-
NC_000913.3	3505351	19	+
NC_000913.3	3505352	7	-
NC_000913.3	3505354	17	+
NC_000913.3	3505355	6	-
NC_000913.3	3505364	7	+
NC_000913.3	3505365	4	-
NC_000913.3	3505369	19	+
NC_000913.3	3505370	11	-
NC_000913.3	3505371	17	+
NC_000913.3	3505372	12	-
NC_000913.3	3505377	20	+
NC_000913.3	3505378	13	-
NC_000913.3	3505396	16	+
NC_000913.3	3505397	14	-
NC_000913.3	3505399	19	+
NC_000913.3	3505400	13	-
NC_000913.3	3505451	19	+
NC_000913.3	3505452	14	-
NC_000913.3	3505460	10	+
NC_000913.3	3505461	14	-
NC_000913.3	3505462	12	+
NC_000913.3	3505463	14	-
NC_000913.3	3505465	13	+
NC_000913.3	3505466	13	-
NC_000913.3	3505477	12	+
NC_000913.3	3505478	13	-
NC_000913.3	3505482	18	+
NC_000913.3	3505483	11	-
NC_000913.3	3505499	12	+
NC_000913.3	3505500	12	-
NC_000913.3	3505513	8	+
NC_000913.3	3505514	7	-
NC_000913.3	3505520	12	+
NC_000913.3	3505521	5	-
NC_000913.3	3505535	15	+
NC_000913.3	3505536	10	-
NC_000913.3	3505537	16	+
NC_000913.3	3505538	10	-
NC_000913.3	3505539	14	+
NC_000913.3	3505540	12	-
NC_000913.3	3505544	14	+
NC_000913.3	3505545	8	-
NC_000913.3	3505567	14	+
NC_000913.3	3505568	14	-
NC_000913.3	3505580	17	+
NC_000913.3	3505581	5	-
NC_000913.3	3505590	18	+
NC_000913.3	3505591	12	-
NC_000913.3	3505592	17	+
NC_000913.3	3505593	15	-
NC_000913.3	3505607	19	+
NC_000913.3	3505608	9	-
NC_000913.3	3505610	17	+
NC_000913.3	3505611	12	-
NC_000913.3	3505617	14	-
NC_000913.3	3505627	23	+
NC_000913.3	3505628	9	-
NC_000913.3	3505630	21	+
NC_000913.3	3505631	13	-
NC_000913.3	3505633	12	+
NC_000913.3	3505634	16	-
NC_000913.3	3505649	11	+
NC_000913.3	3505650	13	-
NC_000913.3	3505679	2	+
NC_000913.3	3505680	13	-
NC_000913.3	3505708	10	-
NC_000913.3	3505712	23	+
NC_000913.3	3505713	3	-
NC_000913.3	3505715	16	+
NC_000913.3	3505716	3	-
NC_000913.3	3505727	22	+
NC_000913.3	3505728	13	-
NC_000913.3	3505729	22	+
NC_000913.3	3505730	16	-
NC_000913.3	3505746	18	+
NC_000913.3	3505747	6	-
NC_000913.3	3505754	4	+
NC_000913.3	3505755	9	-
NC_000913.3	3505769	17	+
NC_000913.3	3505770	10	-
NC_000913.3	3505777	7	+
NC_000913.3	3505778	15	-
NC_000913.3	3505780	17	+
NC_000913.3	3505781	15	-
NC_000913.3	3505782	17	+
NC_000913.3	3505783	16	-
NC_000913.3	3505787	9	+
NC_000913.3	3505788	14	-
NC_000913.3	3505789	14	+
NC_000913.3	3505790	18	-
NC_000913.3	3505799	10	+
NC_000913.3	3505800	14	-
NC_000913.3	3505801	9	+
NC_000913.3	3505802	17	-
NC_000913.3	3505814	22	+
NC_000913.3	3505815	12	-
NC_000913.3	3505817	20	+
NC_000913.3	3505818	9	-
NC_000913.3	3505828	19	+
NC_000913.3	3505829	11	-
NC_000913.3	3505860	16	+
NC_000913.3	3505861	10	-
NC_000913.3	3505870	17	+
NC_000913.3	3505871	9	-
NC_000913.3	3505872	16	+
NC_000913.3	3505873	14	-
NC_000913.3	3505874	15	+
NC_000913.3	3505875	13	-
NC_000913.3	3505892	15	+
NC_000913.3	3505893	17	-
NC_000913.3	3505909	11	+
NC_000913.3	3505910	13	-
NC_000913.3	3505924	18	+
NC_000913.3	3505925	11	-
NC_000913.3	3505930	20	+
NC_000913.3	3505931	3	-
NC_000913.3	3505941	14	+
NC_000913.3	3505942	20	-
NC_000913.3	3505961	17	+
NC_000913.3	3505962	17	-
NC_000913.3	3505979	16	+
NC_000913.3	3505980	17	-
NC_000913.3	3505991	8	+
NC_000913.3	3505992	17	-
NC_000913.3	3506012	10	+
NC_000913.3	3506013	14	-
NC_000913.3	3506038	19	+
NC_000913.3	3506043	10	+
NC_000913.3	3506044	13	-
NC_000913.3	3506082	17	+
NC_000913.3	3506083	13	-
NC_000913.3	3506100	1	+
NC_000913.3	3506101	15	-
NC_000913.3	3506104	13	+
NC_000913.3	3506105	13	-
NC_000913.3	3506110	17	+
NC_000913.3	3506111	11	-
NC_000913.3	3506125	19	+
NC_000913.3	3506126	1	-
NC_000913.3	3506129	10	+
NC_000913.3	3506130	13	-
NC_000913.3	3506142	14	+
NC_000913.3	3506143	6	-
NC_000913.3	3506164	18	+
NC_000913.3	3506165	16	-
NC_000913.3	3506166	17	+
NC_000913.3	3506167	15	-
NC_000913.3	3506179	17	-
NC_000913.3	3506188	5	+
NC_000913.3	3506189	6	-
NC_000913.3	3506205	16	+
NC_000913.3	3506206	15	-
NC_000913.3	3506212	20	+
NC_000913.3	3506213	10	-
NC_000913.3	3506217	18	+
NC_000913.3	3506218	16	-
NC_000913.3	3506227	9	+
NC_000913.3	3506228	15	-
NC_000913.3	3506253	17	+
NC_000913.3	3506254	16	-
NC_000913.3	3506258	16	+
NC_000913.3	3506259	10	-
NC_000913.3	3506269	12	+
NC_000913.3	3506270	12	-
NC_000913.3	3506272	15	+
NC_000913.3	3506273	18	-
NC_000913.3	3506279	14	+
NC_000913.3	3506280	17	-
NC_000913.3	3506284	10	+
NC_000913.3	3506285	16	-
NC_000913.3	3506287	8	+
NC_000913.3	3506288	16	-
NC_000913.3	3506294	13	+
NC_000913.3	3506295	18	-
NC_000913.3	3506310	13	+
NC_000913.3	3506311	17	-
NC_000913.3	3506314	17	+
NC_000913.3	3506315	12	-
NC_000913.3	3506318	21	+
NC_000913.3	3506319	17	-
NC_000913.3	3506335	15	+
NC_000913.3	3506336	16	-
NC_000913.3	3506338	17	+
NC_000913.3	3506339	15	-
NC_000913.3	3506352	19	+
NC_000913.3	3506353	17	-
NC_000913.3	3506362	14	+
NC_000913.3	3506363	9	-
NC_000913.3	3506374	20	+
NC_000913.3	3506380	18	+
NC_000913.3	3506381	16	-
NC_000913.3	3506383	12	+
NC_000913.3	3506384	18	-
NC_000913.3	3506398	7	+
NC_000913.3	3506399	14	-
NC_000913.3	3506419	7	+
NC_000913.3	3506420	9	-
NC_000913.3	3506438	9	-
NC_000913.3	3506446	12	+
NC_000913.3	3506447	12	-
NC_000913.3	3506448	10	+
NC_000913.3	3506449	13	-
NC_000913.3	3506464	9	+
NC_000913.3	3506465	13	-
NC_000913.3	3506481	10	+
NC_000913.3	3506482	17	-
NC_000913.3	3506483	11	+
NC_000913.3	3506484	18	-
NC_000913.3	3506503	15	+
NC_000913.3	3506504	18	-
NC_000913.3	3506518	3	+
NC_000913.3	3506519	17	-
NC_000913.3	3506524	3	+
NC_000913.3	3506525	19	-
NC_000913.3	3506533	18	+
NC_000913.3	3506534	15	-
NC_000913.3	3506536	16	+
NC_000913.3	3506537	16	-
NC_000913.3	3506541	18	+
NC_000913.3	3506542	16	-
NC_000913.3	3506547	16	+
NC_000913.3	3506548	6	-
NC_000913.3	3506575	19	+
NC_000913.3	3506576	8	-
NC_000913.3	3506613	13	+
NC_000913.3	3506614	14	-
NC_000913.3	3506616	8	+
NC_000913.3	3506617	16	-
NC_000913.3	3506634	1	+
NC_000913.3	3506635	15	-
NC_000913.3	3506640	11	+
NC_000913.3	3506641	13	-
NC_000913.3	3506667	11	-
NC_000913.3	3506671	17	+
NC_000913.3	3506672	11	-
NC_000913.3	3506675	15	+
NC_000913.3	3506676	16	-
NC_000913.3	3506689	18	+
NC_000913.3	3506690	18	-
NC_000913.3	3506697	8	+
NC_000913.3	3506698	2	-
NC_000913.3	3506723	10	+
NC_000913.3	3506724	17	-
NC_000913.3	3506729	17	+
NC_000913.3	3506730	14	-
NC_000913.3	3506736	18	+
NC_000913.3	3506737	3	-
NC_000913.3	3506746	18	+
NC_000913.3	3506747	14	-
NC_000913.3	3506748	18	+
NC_000913.3	3506749	16	-
NC_000913.3	3506784	19	+
NC_000913.3	3506785	15	-
NC_000913.3	3506816	19	+
NC_000913.3	3506817	16	-
NC_000913.3	3506820	10	+
NC_000913.3	3506821	17	-
NC_000913.3	3506831	4	+
NC_000913.3	3506850	13	+
NC_000913.3	3506851	14	-
NC_000913.3	3506853	10	+
NC_000913.3	3506854	16	-
NC_000913.3	3506856	8	+
NC_000913.3	3506857	17	-
NC_000913.3	3506893	19	+
NC_000913.3	3506894	7	-
NC_000913.3	3506902	7	+
NC_000913.3	3506903	12	-
NC_000913.3	3506929	16	+
NC_000913.3	3506930	16	-
NC_000913.3	3506932	13	+
NC_000913.3	3506933	18	-
NC_000913.3	3506968	15	+
NC_000913.3	3506969	10	-
NC_000913.3	3506974	12	+
NC_000913.3	3506975	12	-
NC_000913.3	3506976	15	+
NC_000913.3	3506977	13	-
NC_000913.3	3507021	14	+
NC_000913.3	3507022	15	-
NC_000913.3	3507033	16	+
NC_000913.3	3507034	10	-
NC_000913.3	3507046	17	+
NC_000913.3	3507047	9	-
NC_000913.3	3507064	20	+
NC_000913.3	3507065	7	-
NC_000913.3	3507072	20	+
NC_000913.3	3507073	5	-
NC_000913.3	3507075	20	+
NC_000913.3	3507076	12	-
NC_000913.3	3507084	18	+
NC_000913.3	3507085	10	-
NC_000913.3	3507108	14	+
NC_000913.3	3507109	11	-
NC_000913.3	3507121	8	-
NC_000913.3	3507148	14	+
NC_000913.3	3507149	10	-
NC_000913.3	3507180	9	+
NC_000913.3	3507181	15	-
NC_000913.3	3507190	5	+
NC_000913.3	3507191	14	-
NC_000913.3	3507195	15	+
NC_000913.3	3507196	12	-
NC_000913.3	3507197	19	+
NC_000913.3	3507198	9	-
NC_000913.3	3507200	6	+
NC_000913.3	3507201	8	-
NC_000913.3	3507226	12	+
NC_000913.3	3507227	6	-
NC_000913.3	3507235	19	+
NC_000913.3	3507236	6	-
NC_000913.3	3507239	15	+
NC_000913.3	3507240	9	-
NC_000913.3	3507246	12	+
NC_000913.3	3507247	15	-
NC_000913.3	3507262	19	+
NC_000913.3	3507263	10	-
NC_000913.3	3507265	20	+
NC_000913.3	3507266	13	-
NC_000913.3	3507269	11	+
NC_000913.3	3507270	14	-
NC_000913.3	3507274	19	+
NC_000913.3	3507275	13	-
NC_000913.3	3507283	13	+
NC_000913.3	3507284	16	-
NC_000913.3	3507296	14	-
NC_000913.3	3507304	14	+
NC_000913.3	3507305	12	-
NC_000913.3	3507312	2	+
NC_000913.3	3507313	17	-
NC_000913.3	3507340	17	+
NC_000913.3	3507341	5	-
NC_000913.3	3507372	17	+
NC_000913.3	3507378	17	+
NC_000913.3	3507379	7	-
NC_000913.3	3507380	15	+
NC_000913.3	3507381	9	-
NC_000913.3	3507386	14	+
NC_000913.3	3507387	12	-
NC_000913.3	3507389	5	+
NC_000913.3	3507390	13	-
NC_000913.3	3507398	9	+
NC_000913.3	3507411	16	+
NC_000913.3	3507412	15	-
NC_000913.3	3507428	5	+
NC_000913.3	3507429	15	-
NC_000913.3	3507440	6	+
NC_000913.3	3507441	16	-
NC_000913.3	3507449	16	+
NC_000913.3	3507450	12	-
NC_000913.3	3507456	12	+
NC_000913.3	3507457	7	-
NC_000913.3	3507507	15	+
NC_000913.3	3507508	14	-
NC_000913.3	3507509	15	+
NC_000913.3	3507510	15	-
NC_000913.3	3507519	16	+
NC_000913.3	3507520	11	-
NC_000913.3	3507528	13	+
NC_000913.3	3507529	14	-
NC_000913.3	3507530	13	+
NC_000913.3	3507531	16	-
NC_000913.3	3507534	5	+
NC_000913.3	3507535	12	-
NC_000913.3	3507539	17	+
NC_000913.3	3507540	7	-
NC_000913.3	3507549	14	+
NC_000913.3	3507550	10	-
NC_000913.3	3507551	15	+
NC_000913.3	3507552	11	-
NC_000913.3	3507554	15	+
NC_000913.3	3507555	12	-
NC_000913.3	3507575	2	+
NC_000913.3	3507594	16	+
NC_000913.3	3507595	12	-
NC_000913.3	3507605	17	+
NC_000913.3	3507606	13	-
NC_000913.3	3507639	18	+
NC_000913.3	3507640	14	-
NC_000913.3	3507642	17	+
NC_000913.3	3507643	14	-
NC_000913.3	3507670	11	+
NC_000913.3	3507671	10	-
NC_000913.3	3507686	12	+
NC_000913.3	3507687	14	-
NC_000913.3	3507740	7	+
NC_000913.3	3507741	7	-
NC_000913.3	3507759	16	+
NC_000913.3	3507760	10	-
NC_000913.3	3507782	15	+
NC_000913.3	3507783	12	-
NC_000913.3	3507790	2	+
NC_000913.3	3507791	5	-
NC_000913.3	3507831	11	+
NC_000913.3	3507832	9	-
NC_000913.3	3507851	14	+
NC_000913.3	3507852	11	-
NC_000913.3	3507854	11	+
NC_000913.3	3507855	12	-
NC_000913.3	3507856	12	+
NC_000913.3	3507857	8	-
NC_000913.3	3507868	11	+
NC_000913.3	3507869	10	-
NC_000913.3	3507879	13	+
NC_000913.3	3507880	8	-
NC_000913.3	3507881	10	+
NC_000913.3	3507882	10	-
NC_000913.3	3507896	2	+
NC_000913.3	3507897	7	-
NC_000913.3	3507900	10	+
NC_000913.3	3507901	11	-
NC_000913.3	3507902	8	+
NC_000913.3	3507903	12	-
NC_000913.3	3507907	8	+
NC_000913.3	3507908	9	-
NC_000913.3	3507919	5	+
NC_000913.3	3507920	5	-
NC_000913.3	3507926	13	+
NC_000913.3	3507927	10	-
NC_000913.3	3507933	7	+
NC_000913.3	3507934	12	-
NC_000913.3	3507938	3	-
NC_000913.3	3507957	9	+
NC_000913.3	3507958	11	-
NC_000913.3	3507966	10	+
NC_000913.3	3507967	9	-
NC_000913.3	3507975	14	+
NC_000913.3	3507976	13	-
NC_000913.3	3507979	12	+
NC_000913.3	3507980	13	-
NC_000913.3	3507981	14	+
NC_000913.3	3507982	10	-
NC_000913.3	3507984	14	+
NC_000913.3	3507985	11	-
NC_000913.3	3507990	10	+
NC_000913.3	3507991	14	-
NC_000913.3	3508011	13	+
NC_000913.3	3508012	11	-
NC_000913.3	3508029	12	+
NC_000913.3	3508030	12	-
NC_000913.3	3508041	7	+
NC_000913.3	3508042	9	-
NC_000913.3	3508047	12	+
NC_000913.3	3508048	7	-
NC_000913.3	3508049	9	+
NC_000913.3	3508050	7	-
NC_000913.3	3508051	9	+
NC_000913.3	3508052	3	-
NC_000913.3	3508066	1	-
NC_000913.3	3508081	12	+
NC_000913.3	3508082	14	-
NC_000913.3	3508102	7	+
NC_000913.3	3508103	10	-
NC_000913.3	3508111	8	+
NC_000913.3	3508112	11	-
NC_000913.3	3508114	8	+
NC_000913.3	3508115	12	-
NC_000913.3	3508120	9	+
NC_000913.3	3508121	3	-
NC_000913.3	3508129	12	+
NC_000913.3	3508130	4	-
NC_000913.3	3508133	10	+
NC_000913.3	3508134	12	-
NC_000913.3	3508137	2	+
NC_000913.3	3508138	6	-
NC_000913.3	3508150	10	+
NC_000913.3	3508151	11	-
NC_000913.3	3508156	5	+
NC_000913.3	3508157	12	-
NC_000913.3	3508161	3	+
NC_000913.3	3508162	9	-
NC_000913.3	3508186	6	+
NC_000913.3	3508187	11	-
NC_000913.3	3508189	8	+
NC_000913.3	3508190	12	-
NC_000913.3	3508203	7	+
NC_000913.3	3508204	4	-
NC_000913.3	3508212	12	+
NC_000913.3	3508213	10	-
NC_000913.3	3508219	5	+
NC_000913.3	3508220	11	-
NC_000913.3	3508221	6	+
NC_000913.3	3508222	10	-
NC_000913.3	3508231	6	-
NC_000913.3	3508244	8	-
NC_000913.3	3508251	11	+
NC_000913.3	3508252	13	-
NC_000913.3	3508272	13	+
NC_000913.3	3508273	10	-
NC_000913.3	3508285	12	+
NC_000913.3	3508286	11	-
NC_000913.3	3508299	9	+
NC_000913.3	3508300	3	-
NC_000913.3	3508304	11	+
NC_000913.3	3508305	3	-
NC_000913.3	3508309	13	+
NC_000913.3	3508310	8	-
NC_000913.3	3508321	3	+
NC_000913.3	3508322	2	-
NC_000913.3	3508330	9	+
NC_000913.3	3508331	6	-
NC_000913.3	3508332	6	+
NC_000913.3	3508333	13	-
NC_000913.3	3508347	10	+
NC_000913.3	3508348	8	-
NC_000913.3	3508362	3	+
NC_000913.3	3508363	4	-
NC_000913.3	3508372	1	+
NC_000913.3	3508373	10	-
NC_000913.3	3508377	6	+
NC_000913.3	3508378	9	-
NC_000913.3	3508379	6	+
NC_000913.3	3508380	11	-
NC_000913.3	3508402	4	+
NC_000913.3	3508403	8	-
NC_000913.3	3508409	7	+
NC_000913.3	3508410	13	-
NC_000913.3	3508421	5	+
NC_000913.3	3508422	7	-
NC_000913.3	3508445	9	+
NC_000913.3	3508446	11	-
NC_000913.3	3508449	11	+
NC_000913.3	3508450	13	-
NC_000913.3	3508454	7	+
NC_000913.3	3508467	10	+
NC_000913.3	3508468	12	-
NC_000913.3	3508489	8	+
NC_000913.3	3508490	11	-
NC_000913.3	3508505	9	+
NC_000913.3	3508506	4	-
NC_000913.3	3508516	7	-
NC_000913.3	3508530	11	+
NC_000913.3	3508531	1	-
NC_000913.3	3508560	12	+
NC_000913.3	3508561	11	-
NC_000913.3	3508573	10	+
NC_000913.3	3508574	9	-
NC_000913.3	3508576	9	+
NC_000913.3	3508577	5	-
NC_000913.3	3508609	12	+
NC_000913.3	3508630	12	+
NC_000913.3	3508631	11	-
NC_000913.3	3508644	10	+
NC_000913.3	3508645	8	-
NC_000913.3	3508650	11	+
NC_000913.3	3508651	11	-
NC_000913.3	3508652	9	+
NC_000913.3	3508653	10	-
NC_000913.3	3508654	7	+
NC_000913.3	3508655	8	-
NC_000913.3	3508670	1	+
NC_000913.3	3508671	7	-
NC_000913.3	3508692	4	+
NC_000913.3	3508693	5	-
NC_000913.3	3508699	8	+
NC_000913.3	3508700	10	-
NC_000913.3	3508706	8	+
NC_000913.3	3508707	9	-
NC_000913.3	3508713	7	+
NC_000913.3	3508714	12	-
NC_000913.3	3508718	4	+
NC_000913.3	3508719	11	-
NC_000913.3	3508757	8	+
NC_000913.3	3508758	8	-
NC_000913.3	3508759	8	+
NC_000913.3	3508760	9	-
NC_000913.3	3508785	10	+
NC_000913.3	3508790	11	+
NC_000913.3	3508791	3	-
NC_000913.3	3508796	9	+
NC_000913.3	3508797	3	-
NC_000913.3	3508803	3	+
NC_000913.3	3508804	4	-
NC_000913.3	3508811	3	+
NC_000913.3	3508812	12	-
NC_000913.3	3508836	12	+
NC_000913.3	3508837	8	-
NC_000913.3	3508849	9	+
NC_000913.3	3508850	1	-
NC_000913.3	3508861	5	+
NC_000913.3	3508862	11	-
NC_000913.3	3508868	4	+
NC_000913.3	3508869	8	-
NC_000913.3	3508879	13	+
NC_000913.3	3508880	9	-
NC_000913.3	3508883	6	+
NC_000913.3	3508884	12	-
NC_000913.3	3508891	8	+
NC_000913.3	3508892	4	-
NC_000913.3	3508895	8	+
NC_000913.3	3508896	8	-
NC_000913.3	3508898	1	+
NC_000913.3	3508899	10	-
NC_000913.3	3508916	7	+
NC_000913.3	3508917	10	-
NC_000913.3	3508922	9	+
NC_000913.3	3508923	7	-
NC_000913.3	3508950	11	+
NC_000913.3	3508951	4	-
NC_000913.3	3508953	13	+
NC_000913.3	3508954	7	-
NC_000913.3	3508956	10	+
NC_000913.3	3508957	6	-
NC_000913.3	3508973	5	+
NC_000913.3	3508974	5	-
NC_000913.3	3508996	6	+
NC_000913.3	3508997	2	-
NC_000913.3	3509027	9	+
NC_000913.3	3509028	11	-
NC_000913.3	3509045	11	+
NC_000913.3	3509046	11	-
NC_000913.3	3509072	1	+
NC_000913.3	3509073	6	-
NC_000913.3	3509081	9	+
NC_000913.3	3509082	9	-
NC_000913.3	3509123	9	+
NC_000913.3	3509124	7	-
NC_000913.3	3509126	9	+
NC_000913.3	3509127	9	-
NC_000913.3	3509144	3	+
NC_000913.3	3509145	10	-
NC_000913.3	3509156	8	+
NC_000913.3	3509157	7	-
NC_000913.3	3509168	5	+
NC_000913.3	3509169	5	-
NC_000913.3	3509176	7	+
NC_000913.3	3509177	10	-
NC_000913.3	3509178	4	+
NC_000913.3	3509179	10	-
NC_000913.3	3509181	6	+
NC_000913.3	3509182	10	-
NC_000913.3	3509200	7	+
NC_000913.3	3509201	9	-
NC_000913.3	3509219	9	+
NC_000913.3	3509220	6	-
NC_000913.3	3509225	10	+
NC_000913.3	3509226	6	-
NC_000913.3	3509233	9	+
NC_000913.3	3509234	8	-
NC_000913.3	3509243	6	+
NC_000913.3	3509244	10	-
NC_000913.3	3509273	4	-
NC_000913.3	3509276	7	+
NC_000913.3	3509277	7	-
NC_000913.3	3509293	7	+
NC_000913.3	3509294	7	-
NC_000913.3	3509297	8	+
NC_000913.3	3509298	9	-
NC_000913.3	3509302	9	+
NC_000913.3	3509303	11	-
NC_000913.3	3509318	10	+
NC_000913.3	3509319	10	-
NC_000913.3	3509321	9	+
NC_000913.3	3509322	9	-
NC_000913.3	3509348	9	+
NC_000913.3	3509349	6	-
NC_000913.3	3509376	7	+
NC_000913.3	3509377	8	-
NC_000913.3	3509381	10	+
NC_000913.3	3509382	7	-
NC_000913.3	3509390	10	+
NC_000913.3	3509391	6	-
NC_000913.3	3509397	11	+
NC_000913.3	3509398	4	-
NC_000913.3	3509403	9	+
NC_000913.3	3509404	9	-
NC_000913.3	3509435	11	+
NC_000913.3	3509436	4	-
NC_000913.3	3509440	9	+
NC_000913.3	3509441	6	-
NC_000913.3	3509443	9	+
NC_000913.3	3509444	9	-
NC_000913.3	3509462	2	+
NC_000913.3	3509463	3	-
NC_000913.3	3509486	8	-
NC_000913.3	3509498	8	+
NC_000913.3	3509499	4	-
NC_000913.3	3509500	8	+
NC_000913.3	3509501	5	-
NC_000913.3	3509512	4	+
NC_000913.3	3509513	7	-
NC_000913.3	3509517	6	+
NC_000913.3	3509518	9	-
NC_000913.3	3509520	6	+
NC_000913.3	3509521	8	-
NC_000913.3	3509526	9	+
NC_000913.3	3509527	2	-
NC_000913.3	3509530	9	+
NC_000913.3	3509531	8	-
NC_000913.3	3509532	4	+
NC_000913.3	3509533	8	-
NC_000913.3	3509567	9	+
NC_000913.3	3509568	5	-
NC_000913.3	3509594	6	+
NC_000913.3	3509595	9	-
NC_000913.3	3509606	2	+
NC_000913.3	3509607	1	-
NC_000913.3	3509616	9	+
NC_000913.3	3509617	5	-
NC_000913.3	3509627	8	+
NC_000913.3	3509628	8	-
NC_000913.3	3509634	6	+
NC_000913.3	3509635	8	-
NC_000913.3	3509648	9	+
NC_000913.3	3509649	4	-
NC_000913.3	3509664	5	+
NC_000913.3	3509665	8	-
NC_000913.3	3509673	3	+
NC_000913.3	3509674	4	-
NC_000913.3	3509691	9	+
NC_000913.3	3509692	6	-
NC_000913.3	3509724	8	+
NC_000913.3	3509725	8	-
NC_000913.3	3509731	7	-
NC_000913.3	3509739	7	+
NC_000913.3	3509740	3	-
NC_000913.3	3509743	10	+
NC_000913.3	3509744	7	-
NC_000913.3	3509751	1	+
NC_000913.3	3509752	8	-
NC_000913.3	3509774	10	+
NC_000913.3	3509775	6	-
NC_000913.3	3509806	7	+
NC_000913.3	3509807	5	-
NC_000913.3	3509808	9	+
NC_000913.3	3509809	5	-
NC_000913.3	3509816	7	+
NC_000913.3	3509817	8	-
NC_000913.3	3509847	5	+
NC_000913.3	3509848	1	-
NC_000913.3	3509851	9	+
NC_000913.3	3509852	5	-
NC_000913.3	3509854	5	+
NC_000913.3	3509855	6	-
NC_000913.3	3509862	6	-
NC_000913.3	3509866	9	+
NC_000913.3	3509867	4	-
NC_000913.3	3509871	1	+
NC_000913.3	3509872	5	-
NC_000913.3	3509881	7	+
NC_000913.3	3509882	3	-
NC_000913.3	3509899	7	+
NC_000913.3	3509900	1	-
NC_000913.3	3509904	9	+
NC_000913.3	3509921	8	+
NC_000913.3	3509922	4	-
NC_000913.3	3509925	8	+
NC_000913.3	3509926	7	-
NC_000913.3	3509954	8	+
NC_000913.3	3509962	9	+
NC_000913.3	3509963	2	-
NC_000913.3	3509972	1	+
NC_000913.3	3509973	5	-
NC_000913.3	3509986	4	+
NC_000913.3	3509987	7	-
NC_000913.3	3510044	8	+
NC_000913.3	3510045	5	-
NC_000913.3	3510056	7	+
NC_000913.3	3510057	5	-
NC_000913.3	3510065	1	+
NC_000913.3	3510066	6	-
NC_000913.3	3510075	1	+
NC_000913.3	3510076	5	-
NC_000913.3	3510078	3	+
NC_000913.3	3510079	6	-
NC_000913.3	3510088	9	+
NC_000913.3	3510089	4	-
NC_000913.3	3510091	8	+
NC_000913.3	3510092	4	-
NC_000913.3	3510094	7	+
NC_000913.3	3510095	4	-
NC_000913.3	3510109	8	+
NC_000913.3	3510110	3	-
NC_000913.3	3510149	8	+
NC_000913.3	3510150	5	-
NC_000913.3	3510151	6	+
NC_000913.3	3510152	5	-
NC_000913.3	3510156	9	+
NC_000913.3	3510157	4	-
NC_000913.3	3510169	8	+
NC_000913.3	3510170	5	-
NC_000913.3	3510185	9	+
NC_000913.3	3510198	4	-
NC_000913.3	3510203	8	+
NC_000913.3	3510204	3	-
NC_000913.3	3510211	8	+
NC_000913.3	3510217	8	+
NC_000913.3	3510218	4	-
NC_000913.3	3510232	8	+
NC_000913.3	3510233	4	-
NC_000913.3	3510239	7	+
NC_000913.3	3510240	5	-
NC_000913.3	3510254	4	+
NC_000913.3	3510255	5	-
NC_000913.3	3510269	9	+
NC_000913.3	3510278	7	+
NC_000913.3	3510279	4	-
NC_000913.3	3510280	5	+
NC_000913.3	3510281	5	-
NC_000913.3	3510311	7	+
NC_000913.3	3510312	2	-
NC_000913.3	3510325	3	-
NC_000913.3	3510338	3	+
NC_000913.3	3510350	6	+
NC_000913.3	3510351	5	-
NC_000913.3	3510356	8	+
NC_000913.3	3510357	4	-
NC_000913.3	3510371	5	-
NC_000913.3	3510412	4	+
NC_000913.3	3510413	5	-
NC_000913.3	3510445	6	+
NC_000913.3	3510446	5	-
NC_000913.3	3510448	6	+
NC_000913.3	3510449	5	-
NC_000913.3	3510459	4	-
NC_000913.3	3510481	4	+
NC_000913.3	3510482	5	-
NC_000913.3	3510494	1	+
NC_000913.3	3510511	9	+
NC_000913.3	3510512	2	-
NC_000913.3	3510514	9	+
NC_000913.3	3510515	4	-
NC_000913.3	3510546	8	+
NC_000913.3	3510547	4	-
NC_000913.3	3510550	1	+
NC_000913.3	3510551	3	-
NC_000913.3	3510560	7	+
NC_000913.3	3510561	2	-
NC_000913.3	3510563	7	+
NC_000913.3	3510564	3	-
NC_000913.3	3510566	3	+
NC_000913.3	3510567	4	-
NC_000913.3	3510579	3	+
NC_000913.3	3510580	2	-
NC_000913.3	3510581	2	+
NC_000913.3	3510582	2	-
NC_000913.3	3510589	8	+
NC_000913.3	3510590	3	-
NC_000913.3	3510601	6	+
NC_000913.3	3510602	3	-
NC_000913.3	3510610	8	+
NC_000913.3	3510611	2	-
NC_000913.3	3510613	3	+
NC_000913.3	3510614	3	-
NC_000913.3	3510628	2	+
NC_000913.3	3510629	3	-
NC_000913.3	3510631	5	+
NC_000913.3	3510632	3	-
NC_000913.3	3510677	5	+
NC_000913.3	3510678	3	-
NC_000913.3	3510694	5	+
NC_000913.3	3510695	3	-
NC_000913.3	3510696	3	+
NC_000913.3	3510697	4	-
NC_000913.3	3510699	2	+
NC_000913.3	3510700	4	-
NC_000913.3	3510708	4	+
NC_000913.3	3510709	2	-
NC_000913.3	3510710	4	+
NC_000913.3	3510711	4	-
NC_000913.3	3510728	5	+
NC_000913.3	3510729	1	-
NC_000913.3	3510739	5	+
NC_000913.3	3510740	2	-
NC_000913.3	3510768	4	-
NC_000913.3	3510783	3	+
NC_000913.3	3510784	3	-
NC_000913.3	3510820	3	+
NC_000913.3	3510821	3	-
NC_000913.3	3510828	2	+
NC_000913.3	3510829	3	-
NC_000913.3	3510830	6	+
NC_000913.3	3510831	3	-
NC_000913.3	3510833	3	+
NC_000913.3	3510834	4	-
NC_000913.3	3510846	5	+
NC_000913.3	3510853	7	+
NC_000913.3	3510854	3	-
NC_000913.3	3510874	8	+
NC_000913.3	3510875	4	-
NC_000913.3	3510877	7	+
NC_000913.3	3510878	4	-
NC_000913.3	3510893	2	+
NC_000913.3	3510894	1	-
NC_000913.3	3510898	8	+
NC_000913.3	3510928	6	+
NC_000913.3	3510929	3	-
NC_000913.3	3510931	5	+
NC_000913.3	3510932	4	-
NC_000913.3	3510941	6	+
NC_000913.3	3510942	4	-
NC_000913.3	3510944	5	+
NC_000913.3	3510945	2	-
NC_000913.3	3510954	2	+
NC_000913.3	3510955	3	-
NC_000913.3	3510987	3	+
NC_000913.3	3510988	4	-
NC_000913.3	3511038	7	+
NC_000913.3	3511039	4	-
NC_000913.3	3511041	1	+
NC_000913.3	3511042	2	-
NC_000913.3	3511052	5	+
NC_000913.3	3511071	2	+
NC_000913.3	3511072	2	-
NC_000913.3	3511126	2	+
NC_000913.3	3511143	6	+
NC_000913.3	3511144	4	-
NC_000913.3	3511179	1	+
NC_000913.3	3511180	2	-
NC_000913.3	3511201	3	+
NC_000913.3	3511202	3	-
NC_000913.3	3511221	3	+
NC_000913.3	3511231	1	+
NC_000913.3	3511232	4	-
NC_000913.3	3511250	2	+
NC_000913.3	3511251	4	-
NC_000913.3	3511253	4	+
NC_000913.3	3511254	4	-
NC_000913.3	3511259	4	+
NC_000913.3	3511260	3	-
NC_000913.3	3511273	6	+
NC_000913.3	3511274	3	-
NC_000913.3	3511288	4	+
NC_000913.3	3511289	3	-
NC_000913.3	3511294	5	+
NC_000913.3	3511295	4	-
NC_000913.3	3511310	6	+
NC_000913.3	3511311	4	-
NC_000913.3	3511315	7	+
NC_000913.3	3511316	2	-
NC_000913.3	3511341	7	+
NC_000913.3	3511342	2	-
NC_000913.3	3511347	5	+
NC_000913.3	3511348	2	-
NC_000913.3	3511386	5	+
NC_000913.3	3511387	4	-
NC_000913.3	3511395	4	+
NC_000913.3	3511436	3	+
NC_000913.3	3511437	2	-
NC_000913.3	3511448	3	+
NC_000913.3	3511449	3	-
NC_000913.3	3511473	1	+
NC_000913.3	3511474	3	-
NC_000913.3	3511486	4	+
NC_000913.3	3511487	3	-
NC_000913.3	3511495	7	+
NC_000913.3	3511496	1	-
NC_000913.3	3511510	1	+
NC_000913.3	3511511	2	-
NC_000913.3	3511515	4	+
NC_000913.3	3511516	1	-
NC_000913.3	3511543	7	+
NC_000913.3	3511544	3	-
NC_000913.3	3511548	6	+
NC_000913.3	3511549	2	-
NC_000913.3	3511550	5	+
NC_000913.3	3511551	3	-
NC_000913.3	3511562	3	-
NC_000913.3	3511567	5	+
NC_000913.3	3511568	3	-
NC_000913.3	3511584	2	+
NC_000913.3	3511585	1	-
NC_000913.3	3511586	2	+
NC_000913.3	3511587	2	-
NC_000913.3	3511591	4	+
NC_000913.3	3511592	1	-
NC_000913.3	3511601	6	+
NC_000913.3	3511602	2	-
NC_000913.3	3511604	4	+
NC_000913.3	3511605	2	-
NC_000913.3	3511607	4	+
NC_000913.3	3511608	2	-
NC_000913.3	3511634	1	-
NC_000913.3	3511641	2	-
NC_000913.3	3511648	2	+
NC_000913.3	3511649	2	-
NC_000913.3	3511661	6	+
NC_000913.3	3511662	3	-
NC_000913.3	3511666	6	+
NC_000913.3	3511667	2	-
NC_000913.3	3511672	5	+
NC_000913.3	3511673	1	-
NC_000913.3	3511686	5	+
NC_000913.3	3511687	1	-
NC_000913.3	3511699	5	+
NC_000913.3	3511700	1	-
NC_000913.3	3511714	5	+
NC_000913.3	3511715	3	-
NC_000913.3	3511719	6	+
NC_000913.3	3511720	3	-
NC_000913.3	3511735	4	+
NC_000913.3	3511736	3	-
NC_000913.3	3511750	6	+
NC_000913.3	3511751	2	-
NC_000913.3	3511769	6	+
NC_000913.3	3511770	2	-
NC_000913.3	3511772	6	+
NC_000913.3	3511773	3	-
NC_000913.3	3511776	3	+
NC_000913.3	3511777	3	-
NC_000913.3	3511792	4	+
NC_000913.3	3511793	3	-
NC_000913.3	3511794	4	+
NC_000913.3	3511795	3	-
NC_000913.3	3511802	2	-
NC_000913.3	3511808	2	-
NC_000913.3	3511813	5	+
NC_000913.3	3511814	3	-
NC_000913.3	3511821	4	+
NC_000913.3	3511822	1	-
NC_000913.3	3511840	5	+
NC_000913.3	3511841	1	-
NC_000913.3	3511846	2	+
NC_000913.3	3511847	3	-
NC_000913.3	3511856	5	+
NC_000913.3	3511857	2	-
NC_000913.3	3511871	4	+
NC_000913.3	3511872	2	-
NC_000913.3	3511873	4	+
NC_000913.3	3511874	1	-
NC_000913.3	3511892	4	+
NC_000913.3	3511893	3	-
NC_000913.3	3511907	5	+
NC_000913.3	3511908	1	-
NC_000913.3	3511910	5	+
NC_000913.3	3511911	1	-
NC_000913.3	3511917	6	+
NC_000913.3	3511918	3	-
NC_000913.3	3511919	6	+
NC_000913.3	3511920	3	-
NC_000913.3	3511928	4	+
NC_000913.3	3511942	4	+
NC_000913.3	3511943	3	-
NC_000913.3	3511963	4	+
NC_000913.3	3511964	2	-
NC_000913.3	3511965	3	+
NC_000913.3	3511966	2	-
NC_000913.3	3511973	2	+
NC_000913.3	3511974	2	-
NC_000913.3	3511975	3	+
NC_000913.3	3511976	3	-
NC_000913.3	3511980	4	+
NC_000913.3	3511981	2	-
NC_000913.3	3511988	3	+
NC_000913.3	3511989	3	-
NC_000913.3	3512029	1	+
NC_000913.3	3512030	2	-
NC_000913.3	3512033	5	+
NC_000913.3	3512034	3	-
NC_000913.3	3512044	5	+
NC_000913.3	3512045	1	-
NC_000913.3	3512052	5	+
NC_000913.3	3512084	3	-
NC_000913.3	3512128	4	+
NC_000913.3	3512129	2	-
NC_000913.3	3512148	4	+
NC_000913.3	3512149	2	-
NC_000913.3	3512154	3	+
NC_000913.3	3512155	1	-
NC_000913.3	3512157	1	+
NC_000913.3	3512158	1	-
NC_000913.3	3512166	2	+
NC_000913.3	3512167	2	-
NC_000913.3	3512171	5	+
NC_000913.3	3512172	1	-
NC_000913.3	3512176	3	+
NC_000913.3	3512177	1	-
NC_000913.3	3512189	4	+
NC_000913.3	3512198	2	+
NC_000913.3	3512199	1	-
NC_000913.3	3512200	2	+
NC_000913.3	3512201	1	-
NC_000913.3	3512207	5	+
NC_000913.3	3512208	1	-
NC_000913.3	3512218	3	+
NC_000913.3	3512226	3	+
NC_000913.3	3512262	3	+
NC_000913.3	3512263	2	-
NC_000913.3	3512269	3	+
NC_000913.3	3512270	1	-
NC_000913.3	3512292	4	+
NC_000913.3	3512300	5	+
NC_000913.3	3512301	1	-
NC_000913.3	3512303	3	+
NC_000913.3	3512304	2	-
NC_000913.3	3512311	5	+
NC_000913.3	3512312	2	-
NC_000913.3	3512314	3	+
NC_000913.3	3512315	2	-
NC_000913.3	3512333	3	+
NC_000913.3	3512334	2	-
NC_000913.3	3512337	3	+
NC_000913.3	3512338	2	-
NC_000913.3	3512340	3	+
NC_000913.3	3512341	1	-
NC_000913.3	3512398	5	+
NC_000913.3	3512399	2	-
NC_000913.3	3512407	1	-
NC_000913.3	3512419	4	+
NC_000913.3	3512420	2	-
NC_000913.3	3512422	3	+
NC_000913.3	3512423	2	-
NC_000913.3	3512442	5	+
NC_000913.3	3512471	4	+
NC_000913.3	3512519	4	+
NC_000913.3	3512520	1	-
NC_000913.3	3512524	4	+
NC_000913.3	3512525	1	-
NC_000913.3	3512573	4	+
NC_000913.3	3512582	4	+
NC_000913.3	3512583	1	-
NC_000913.3	3512588	3	+
NC_000913.3	3512589	1	-
NC_000913.3	3512591	3	+
NC_000913.3	3512598	1	-
NC_000913.3	3512611	1	+
NC_000913.3	3512612	1	-
NC_000913.3	3512637	2	+
NC_000913.3	3512638	1	-
NC_000913.3	3512643	4	+
NC_000913.3	3512644	1	-
NC_000913.3	3512658	3	+
NC_000913.3	3512663	4	+
NC_000913.3	3512664	1	-
NC_000913.3	3512670	4	+
NC_000913.3	3512671	1	-
NC_000913.3	3512679	4	+
NC_000913.3	3512680	1	-
NC_000913.3	3512683	4	+
NC_000913.3	3512684	1	-
NC_000913.3	3512690	1	+
NC_000913.3	3512694	4	+
NC_000913.3	3512695	1	-
NC_000913.3	3512696	2	+
NC_000913.3	3512697	1	-
NC_000913.3	3512709	2	+
NC_000913.3	3512710	1	-
NC_000913.3	3512711	2	+
NC_000913.3	3512712	1	-
NC_000913.3	3512747	4	+
NC_000913.3	3512748	1	-
NC_000913.3	3512752	1	+
NC_000913.3	3512758	4	+
NC_000913.3	3512759	1	-
NC_000913.3	3512767	4	+
NC_000913.3	3512768	1	-
NC_000913.3	3512792	3	+
NC_000913.3	3512798	1	+
NC_000913.3	3512844	1	-
NC_000913.3	3512878	1	-
NC_000913.3	3512883	4	+
NC_000913.3	3512912	3	+
NC_000913.3	3512913	1	-
NC_000913.3	3512916	1	+
NC_000913.3	3512917	1	-
NC_000913.3	3512933	4	+
NC_000913.3	3512934	1	-
NC_000913.3	3512938	2	+
NC_000913.3	3512939	1	-
NC_000913.3	3512946	2	+
NC_000913.3	3512947	1	-
NC_000913.3	3512949	2	+
NC_000913.3	3512950	1	-
NC_000913.3	3512954	4	+
NC_000913.3	3512957	4	+
NC_000913.3	3512971	1	-
NC_000913.3	3512975	1	-
NC_000913.3	3512994	2	+
NC_000913.3	3512995	1	-
NC_000913.3	3513000	3	+
NC_000913.3	3513017	1	+
NC_000913.3	3513018	1	-
NC_000913.3	3513023	3	+
NC_000913.3	3513031	1	+
NC_000913.3	3513032	1	-
NC_000913.3	3513038	4	+
NC_000913.3	3513039	1	-
NC_000913.3	3513063	3	+
NC_000913.3	3513075	2	+
NC_000913.3	3513076	1	-
NC_000913.3	3513083	3	+
NC_000913.3	3513084	1	-
NC_000913.3	3513085	2	+
NC_000913.3	3513086	1	-
NC_000913.3	3513087	2	+
NC_000913.3	3513088	1	-
NC_000913.3	3513089	2	+
NC_000913.3	3513090	1	-
NC_000913.3	3513099	2	+
NC_000913.3	3513108	2	+
NC_000913.3	3513109	1	-
NC_000913.3	3513115	1	-
NC_000913.3	3513131	2	+
NC_000913.3	3513141	3	+
NC_000913.3	3513142	1	-
NC_000913.3	3513143	2	+
NC_000913.3	3513144	1	-
NC_000913.3	3513151	2	+
NC_000913.3	3513152	1	-
NC_000913.3	3513165	1	-
NC_000913.3	3513166	1	+
NC_000913.3	3513167	1	-
NC_000913.3	3513176	3	+
NC_000913.3	3513177	1	-
NC_000913.3	3513204	2	+
NC_000913.3	3513205	1	-
NC_000913.3	3513237	2	+
NC_000913.3	3513272	1	+
NC_000913.3	3513273	1	-
NC_000913.3	3513284	3	+
NC_000913.3	3513285	1	-
NC_000913.3	3513292	2	+
NC_000913.3	3513293	1	-
NC_000913.3	3513294	3	+
NC_000913.3	3513295	1	-
NC_000913.3	3513315	2	+
NC_000913.3	3513316	1	-
NC_000913.3	3513322	2	+
NC_000913.3	3513323	1	-
NC_000913.3	3513332	2	+
NC_000913.3	3513335	1	+
NC_000913.3	3513336	1	-
NC_000913.3	3513382	1	-
NC_000913.3	3513386	2	+
NC_000913.3	3513422	2	+
NC_000913.3	3513423	1	-
NC_000913.3	3513450	1	+
NC_000913.3	3513451	1	-
NC_000913.3	3513459	1	+
NC_000913.3	3513460	1	-
NC_000913.3	3513462	1	+
NC_000913.3	3513469	1	+
NC_000913.3	3513470	1	-
NC_000913.3	3513490	2	+
NC_000913.3	3513491	1	-
NC_000913.3	3513494	1	+
NC_000913.3	3513495	1	-
NC_000913.3	3513501	2	+
NC_000913.3	3513502	1	-
NC_000913.3	3513503	2	+
NC_000913.3	3513504	1	-
NC_000913.3	3513516	1	-
NC_000913.3	3513562	1	+
NC_000913.3	3513568	1	-
NC_000913.3	3513611	2	+
NC_000913.3	3513612	1	-
NC_000913.3	3513624	1	-
NC_000913.3	3513643	2	+
NC_000913.3	3513644	1	-
NC_000913.3	3513657	1	+
NC_000913.3	3513658	1	-
NC_000913.3	3513664	2	+
NC_000913.3	3513665	1	-
NC_000913.3	3513678	2	+
NC_000913.3	3513729	2	+
NC_000913.3	3513730	1	-
NC_000913.3	3513738	2	+
NC_000913.3	3513739	1	-
NC_000913.3	3513741	2	+
NC_000913.3	3513742	1	-
NC_000913.3	3513753	1	+
NC_000913.3	3513754	1	-
NC_000913.3	3513784	2	+
NC_000913.3	3513793	1	+
NC_000913.3	3513794	1	-
NC_000913.3	3513810	1	-
NC_000913.3	3513816	2	+
NC_000913.3	3513819	1	+
NC_000913.3	3513820	1	-
NC_000913.3	3513855	1	-
NC_000913.3	3513886	1	+
NC_000913.3	3513939	2	+
NC_000913.3	3513940	1	-
NC_000913.3	3513954	2	+
NC_000913.3	3513962	1	-
NC_000913.3	3513964	1	+
NC_000913.3	3513965	1	-
NC_000913.3	3513966	1	+
NC_000913.3	3513969	2	+
NC_000913.3	3513973	1	+
NC_000913.3	3513974	1	-
NC_000913.3	3513976	1	+
NC_000913.3	3513977	1	-
NC_000913.3	3513980	1	-
NC_000913.3	3514004	1	-
NC_000913.3	3514024	1	+
NC_000913.3	3514025	1	-
NC_000913.3	3514026	1	+
NC_000913.3	3514027	1	-
NC_000913.3	3514034	1	-
NC_000913.3	3514044	2	+
NC_000913.3	3514048	2	+
NC_000913.3	3514060	1	+
NC_000913.3	3514061	1	-
NC_000913.3	3514071	1	+
NC_000913.3	3514072	1	-
NC_000913.3	3514080	2	+
NC_000913.3	3514081	1	-
NC_000913.3	3514091	2	+
NC_000913.3	3514092	1	-
NC_000913.3	3514095	1	+
NC_000913.3	3514096	1	-
NC_000913.3	3514106	1	+
NC_000913.3	3514107	1	-
NC_000913.3	3514115	2	+
NC_000913.3	3514116	1	-
NC_000913.3	3514132	2	+
NC_000913.3	3514140	1	+
NC_000913.3	3514141	1	-
NC_000913.3	3514149	1	+
NC_000913.3	3514150	1	-
NC_000913.3	3514153	2	+
NC_000913.3	3514172	2	+
NC_000913.3	3514180	2	+
NC_000913.3	3514181	1	-
NC_000913.3	3514185	1	-
NC_000913.3	3514193	2	+
NC_000913.3	3514194	1	-
NC_000913.3	3514195	1	+
NC_000913.3	3514196	1	-
NC_000913.3	3514209	1	+
NC_000913.3	3514210	1	-
NC_000913.3	3514211	2	+
NC_000913.3	3514212	1	-
NC_000913.3	3514230	1	+
NC_000913.3	3514231	1	-
NC_000913.3	3514233	2	+
NC_000913.3	3514234	1	-
NC_000913.3	3514254	2	+
NC_000913.3	3514255	1	-
NC_000913.3	3514257	1	-
NC_000913.3	3514269	2	+
NC_000913.3	3514270	1	-
NC_000913.3	3514272	2	+
NC_000913.3	3514273	1	-
NC_000913.3	3514285	1	+
NC_000913.3	3514286	1	-
NC_000913.3	3514294	1	+
NC_000913.3	3514295	1	-
NC_000913.3	3514307	1	-
NC_000913.3	3514332	2	+
NC_000913.3	3514333	1	-
NC_000913.3	3514339	2	+
NC_000913.3	3514340	1	-
NC_000913.3	3514359	1	+
NC_000913.3	3514362	2	+
NC_000913.3	3514363	1	-
NC_000913.3	3514365	1	+
NC_000913.3	3514366	1	-
NC_000913.3	3514367	1	+
NC_000913.3	3514368	1	-
NC_000913.3	3514413	1	+
NC_000913.3	3514414	1	-
NC_000913.3	3514451	1	-
NC_000913.3	3514460	2	+
NC_000913.3	3514461	1	-
NC_000913.3	3514465	1	+
NC_000913.3	3514466	1	-
NC_000913.3	3514468	1	+
NC_000913.3	3514469	1	-
NC_000913.3	3514471	1	+
NC_000913.3	3514472	1	-
NC_000913.3	3514487	2	+
NC_000913.3	3514488	1	-
NC_000913.3	3514490	2	+
NC_000913.3	3514491	1	-
NC_000913.3	3514496	1	-
NC_000913.3	3514501	1	+
NC_000913.3	3514522	2	+
NC_000913.3	3514523	1	-
NC_000913.3	3514528	1	+
NC_000913.3	3514529	1	-
NC_000913.3	3514542	2	+
NC_000913.3	3514543	1	-
NC_000913.3	3514561	2	+
NC_000913.3	3514564	2	+
NC_000913.3	3514569	1	+
NC_000913.3	3514570	1	-
NC_000913.3	3514572	1	+
NC_000913.3	3514573	1	-
NC_000913.3	3514575	1	+
NC_000913.3	3514576	1	-
NC_000913.3	3514582	2	+
NC_000913.3	3514583	1	-
NC_000913.3	3514584	2	+
NC_000913.3	3514585	1	-
NC_000913.3	3514621	2	+
NC_000913.3	3514624	2	+
NC_000913.3	3514625	1	-
NC_000913.3	3514639	1	+
NC_000913.3	3514675	2	+
NC_000913.3	3514700	2	+
NC_000913.3	3514703	2	+
NC_000913.3	3514754	2	+
NC_000913.3	3514758	2	+
NC_000913.3	3514771	2	+
NC_000913.3	3514816	2	+
NC_000913.3	3514833	2	+
NC_000913.3	3514837	1	+
NC_000913.3	3514840	2	+
NC_000913.3	3514861	2	+
NC_000913.3	3514873	2	+
NC_000913.3	3514890	1	+
NC_000913.3	3514919	2	+
NC_000913.3	3514951	1	+
NC_000913.3	3514963	1	+
NC_000913.3	3514972	2	+
NC_000913.3	3514993	2	+
NC_000913.3	3515010	1	+
NC_000913.3	3515024	2	+
NC_000913.3	3515086	2	+
NC_000913.3	3515088	2	+
NC_000913.3	3515097	1	+
NC_000913.3	3515127	1	+
NC_000913.3	3515141	2	+
NC_000913.3	3515148	1	+
NC_000913.3	3515151	1	+
NC_000913.3	3515168	1	+
NC_000913.3	3515171	1	+
NC_000913.3	3515181	2	+
NC_000913.3	3515196	2	+
NC_000913.3	3515198	1	+
NC_000913.3	3515213	2	+
NC_000913.3	3515215	1	+
NC_000913.3	3515224	2	+
NC_000913.3	3515229	1	+
NC_000913.3	3515258	1	+
NC_000913.3	3515274	1	+
NC_000913.3	3515277	1	+
NC_000913.3	3515284	1	+
NC_000913.3	3515293	1	+
NC_000913.3	3515329	1	+
NC_000913.3	3515343	1	+
NC_000913.3	3515347	1	+
NC_000913.3	3515368	1	+
NC_000913.3	3515382	1	+
NC_000913.3	3515400	1	+
NC_000913.3	3515402	1	+
NC_000913.3	3515404	1	+
NC_000913.3	3515415	1	+
NC_000913.3	3515418	1	+
NC_000913.3	3515449	1	+
NC_000913.3	3515460	1	+
NC_000913.3	3515504	1	+
NC_000913.3	3515512	1	+
NC_000913.3	3515517	1	+
NC_000913.3	3515529	1	+
NC_000913.3	3515531	1	+
NC_000913.3	3515543	1	+
NC_000913.3	3515562	1	+
NC_000913.3	3515567	1	+
NC_000913.3	3515602	1	+
NC_000913.3	3515628	1	+
NC_000913.3	3515630	1	+
NC_000913.3	3515649	1	+
NC_000913.3	3515652	1	+
NC_000913.3	3515664	1	+
