Chr	Pos	Methyl_freq	Cov
NC_000913.3	3496742	1	1
NC_000913.3	3496754	1	1
NC_000913.3	3496776	1	1
NC_000913.3	3496790	1	1
NC_000913.3	3496793	1	1
NC_000913.3	3496856	1	1
NC_000913.3	3496869	1	1
NC_000913.3	3496886	1	1
NC_000913.3	3497054	1	1
NC_000913.3	3497077	1	1
NC_000913.3	3497103	1	1
NC_000913.3	3497107	1	1
NC_000913.3	3497188	0.5	2
NC_000913.3	3497190	0.5	2
NC_000913.3	3497203	0.5	2
NC_000913.3	3497227	0.5	2
NC_000913.3	3497245	0.5	2
NC_000913.3	3497280	0.5	2
NC_000913.3	3497296	0.5	2
NC_000913.3	3497319	0.5	2
NC_000913.3	3497344	1	2
NC_000913.3	3497356	1	2
NC_000913.3	3497380	0.5	2
NC_000913.3	3497383	1	2
NC_000913.3	3497397	0.5	2
NC_000913.3	3497413	0.5	2
NC_000913.3	3497422	0.5	2
NC_000913.3	3497427	1	1
NC_000913.3	3497448	0.5	2
NC_000913.3	3497519	0.5	2
NC_000913.3	3497532	1	2
NC_000913.3	3497535	1	2
NC_000913.3	3497545	0.5	2
NC_000913.3	3497577	1	2
NC_000913.3	3497617	1	1
NC_000913.3	3497619	0.5	2
NC_000913.3	3497644	0.5	2
NC_000913.3	3497655	1	2
NC_000913.3	3497661	1	2
NC_000913.3	3497691	1	1
NC_000913.3	3497716	1	1
NC_000913.3	3497762	0.5	2
NC_000913.3	3497772	0.5	2
NC_000913.3	3497803	0.5	2
NC_000913.3	3497864	1	2
NC_000913.3	3497866	0.5	2
NC_000913.3	3497881	1	1
NC_000913.3	3497884	1	2
NC_000913.3	3497898	0.5	2
NC_000913.3	3497903	0.5	2
NC_000913.3	3497926	0.5	2
NC_000913.3	3497932	0.5	2
NC_000913.3	3497943	0.5	2
NC_000913.3	3497958	0.5	2
NC_000913.3	3498007	0.5	2
NC_000913.3	3498010	0.5	2
NC_000913.3	3498037	0.5	2
NC_000913.3	3498054	0.5	2
NC_000913.3	3498063	0.5	2
NC_000913.3	3498066	0.5	2
NC_000913.3	3498089	0.5	2
NC_000913.3	3498091	0.5	2
NC_000913.3	3498097	0.5	2
NC_000913.3	3498103	0.5	2
NC_000913.3	3498113	0.5	2
NC_000913.3	3498116	0.5	2
NC_000913.3	3498136	1	2
NC_000913.3	3498141	1	2
NC_000913.3	3498151	0.5	2
NC_000913.3	3498168	0.5	2
NC_000913.3	3498214	1	2
NC_000913.3	3498236	0.5	2
NC_000913.3	3498313	0.5	2
NC_000913.3	3498317	0.5	2
NC_000913.3	3498334	1	2
NC_000913.3	3498350	1	2
NC_000913.3	3498376	0.5	2
NC_000913.3	3498382	0.5	2
NC_000913.3	3498386	1	2
NC_000913.3	3498393	0.5	2
NC_000913.3	3498412	0.5	2
NC_000913.3	3498435	0.5	2
NC_000913.3	3498439	0.5	2
NC_000913.3	3498454	0.5	2
NC_000913.3	3498463	0.5	2
NC_000913.3	3498505	0.5	2
NC_000913.3	3498511	0.5	2
NC_000913.3	3498568	0.5	2
NC_000913.3	3498586	0.5	2
NC_000913.3	3498605	1	1
NC_000913.3	3498608	1	2
NC_000913.3	3498610	1	2
NC_000913.3	3498615	1	2
NC_000913.3	3498620	1	2
NC_000913.3	3498631	1	2
NC_000913.3	3498640	0.5	2
NC_000913.3	3498655	0.5	2
NC_000913.3	3498689	0.5	2
NC_000913.3	3498696	1	2
NC_000913.3	3498710	1	1
NC_000913.3	3498712	0.5	2
NC_000913.3	3498752	0.5	2
NC_000913.3	3498784	0.5	2
NC_000913.3	3498795	0.5	2
NC_000913.3	3498868	0.5	2
NC_000913.3	3498898	0.5	2
NC_000913.3	3498942	0.5	2
NC_000913.3	3498957	0.5	2
NC_000913.3	3498988	0.5	2
NC_000913.3	3499018	0.5	2
NC_000913.3	3499030	1	2
NC_000913.3	3499062	0.5	2
NC_000913.3	3499076	1	1
NC_000913.3	3499078	0.5	2
NC_000913.3	3499092	1	1
NC_000913.3	3499116	0.5	2
NC_000913.3	3499137	1	2
NC_000913.3	3499318	0.5	2
NC_000913.3	3499340	1	2
NC_000913.3	3499381	0.5	3
NC_000913.3	3499494	0.5	4
NC_000913.3	3499526	0.5	4
NC_000913.3	3499546	1	4
NC_000913.3	3499563	0.5	4
NC_000913.3	3499591	0.75	4
NC_000913.3	3499597	0.25	4
NC_000913.3	3499631	0.75	4
NC_000913.3	3499641	0.75	4
NC_000913.3	3499654	0.5	3
NC_000913.3	3499657	0.5	4
NC_000913.3	3499673	0.5	4
NC_000913.3	3499679	0.833333333333333	5
NC_000913.3	3499708	0.5	5
NC_000913.3	3499712	0.583333333333333	5
NC_000913.3	3499767	0.333333333333333	5
NC_000913.3	3499769	0.333333333333333	5
NC_000913.3	3499779	0.5	5
NC_000913.3	3499883	0.583333333333333	5
NC_000913.3	3499906	0.333333333333333	5
NC_000913.3	3499931	0.333333333333333	4
NC_000913.3	3499939	0.416666666666667	5
NC_000913.3	3499951	0.666666666666667	5
NC_000913.3	3499963	0.583333333333333	5
NC_000913.3	3499966	0.166666666666667	5
NC_000913.3	3499969	0.25	5
NC_000913.3	3499978	0.333333333333333	5
NC_000913.3	3499981	0.166666666666667	4
NC_000913.3	3499987	0.25	3
NC_000913.3	3500025	0.625	6
NC_000913.3	3500031	0.625	6
NC_000913.3	3500034	0.5	6
NC_000913.3	3500043	0.333333333333333	5
NC_000913.3	3500050	0.375	6
NC_000913.3	3500052	0.25	6
NC_000913.3	3500065	0.45	7
NC_000913.3	3500082	0.375	6
NC_000913.3	3500092	0.7	7
NC_000913.3	3500100	0.375	6
NC_000913.3	3500113	0.8	6
NC_000913.3	3500121	0.3	7
NC_000913.3	3500131	0.375	6
NC_000913.3	3500158	0.55	7
NC_000913.3	3500165	0.55	7
NC_000913.3	3500169	0.4	7
NC_000913.3	3500185	0.4	7
NC_000913.3	3500209	0.55	7
NC_000913.3	3500214	0.2	7
NC_000913.3	3500217	0.5	6
NC_000913.3	3500226	0.625	6
NC_000913.3	3500235	0.733333333333333	8
NC_000913.3	3500241	0.8	6
NC_000913.3	3500268	0.566666666666667	8
NC_000913.3	3500275	0.55	7
NC_000913.3	3500280	0.4	8
NC_000913.3	3500287	0.2	8
NC_000913.3	3500299	0.3	6
NC_000913.3	3500302	0.4	8
NC_000913.3	3500305	0.633333333333333	8
NC_000913.3	3500317	0.5	8
NC_000913.3	3500339	0.466666666666667	8
NC_000913.3	3500344	0.4	8
NC_000913.3	3500353	0.7	8
NC_000913.3	3500356	0.9	8
NC_000913.3	3500361	0.7	8
NC_000913.3	3500370	0.666666666666667	8
NC_000913.3	3500383	0.566666666666667	8
NC_000913.3	3500397	0.525	9
NC_000913.3	3500407	0.675	9
NC_000913.3	3500439	0.7	9
NC_000913.3	3500452	0.833333333333333	8
NC_000913.3	3500469	0.575	9
NC_000913.3	3500476	0.775	9
NC_000913.3	3500481	0.425	9
NC_000913.3	3500496	0.75	9
NC_000913.3	3500505	0.55	9
NC_000913.3	3500529	0.625	9
NC_000913.3	3500536	0.525	9
NC_000913.3	3500563	0.525	9
NC_000913.3	3500566	0.5	10
NC_000913.3	3500581	0.5	10
NC_000913.3	3500597	0.4	10
NC_000913.3	3500601	0.65	9
NC_000913.3	3500649	0.7	10
NC_000913.3	3500662	0.7	10
NC_000913.3	3500677	0.7	7
NC_000913.3	3500686	0.625	8
NC_000913.3	3500700	0.625	9
NC_000913.3	3500703	0.3	10
NC_000913.3	3500710	0.4	9
NC_000913.3	3500713	0.5	6
NC_000913.3	3500731	0.5	9
NC_000913.3	3500737	0.4	10
NC_000913.3	3500746	0.5	10
NC_000913.3	3500769	0.6	10
NC_000913.3	3500772	0.6	10
NC_000913.3	3500779	0.3	10
NC_000913.3	3500793	0.6	10
NC_000913.3	3500806	0.3	9
NC_000913.3	3500820	0.4	10
NC_000913.3	3500822	0.3	10
NC_000913.3	3500833	0.5	10
NC_000913.3	3500835	0.6	10
NC_000913.3	3500841	0.8	10
NC_000913.3	3500869	0.4	10
NC_000913.3	3500883	0.2	10
NC_000913.3	3500895	0.8	9
NC_000913.3	3500898	0.6	10
NC_000913.3	3500925	0.8	10
NC_000913.3	3500947	0.6	10
NC_000913.3	3500953	0.4	10
NC_000913.3	3501016	0.55	7
NC_000913.3	3501035	0.525	9
NC_000913.3	3501041	0.775	9
NC_000913.3	3501043	0.6	10
NC_000913.3	3501046	0.6	10
NC_000913.3	3501057	0.5	10
NC_000913.3	3501065	0.7	10
NC_000913.3	3501072	0.5	10
NC_000913.3	3501079	0.75	9
NC_000913.3	3501097	0.1	9
NC_000913.3	3501105	0.55	9
NC_000913.3	3501124	0.8	9
NC_000913.3	3501147	0.583333333333333	10
NC_000913.3	3501154	0.3	11
NC_000913.3	3501166	0.65	11
NC_000913.3	3501169	0.7	10
NC_000913.3	3501175	0.8	10
NC_000913.3	3501202	0.566666666666667	8
NC_000913.3	3501213	0.716666666666667	11
NC_000913.3	3501218	0.8	11
NC_000913.3	3501224	0.833333333333333	11
NC_000913.3	3501235	0.9	10
NC_000913.3	3501243	0.8	10
NC_000913.3	3501291	0.271428571428571	12
NC_000913.3	3501309	0.566666666666667	11
NC_000913.3	3501351	0.55	11
NC_000913.3	3501356	0.471428571428571	12
NC_000913.3	3501366	0.614285714285714	12
NC_000913.3	3501372	0.45	11
NC_000913.3	3501391	0.55	9
NC_000913.3	3501393	0.535714285714286	11
NC_000913.3	3501403	0.833333333333333	11
NC_000913.3	3501414	0.283333333333333	11
NC_000913.3	3501423	0.414285714285714	12
NC_000913.3	3501428	0.6	10
NC_000913.3	3501438	0.9	10
NC_000913.3	3501440	0.828571428571429	12
NC_000913.3	3501443	0.803571428571429	11
NC_000913.3	3501449	0.785714285714286	12
NC_000913.3	3501452	0.314285714285714	12
NC_000913.3	3501464	0.928571428571429	11
NC_000913.3	3501469	1	11
NC_000913.3	3501477	0.4	12
NC_000913.3	3501492	0.714285714285714	12
NC_000913.3	3501501	0.642857142857143	12
NC_000913.3	3501516	0.833333333333333	10
NC_000913.3	3501527	0.525	13
NC_000913.3	3501532	0.8125	13
NC_000913.3	3501537	0.585714285714286	12
NC_000913.3	3501540	0.325	13
NC_000913.3	3501544	0.875	14
NC_000913.3	3501549	0.833333333333333	13
NC_000913.3	3501561	0.708333333333333	14
NC_000913.3	3501573	0.557142857142857	12
NC_000913.3	3501582	0.666666666666667	14
NC_000913.3	3501599	0.651785714285714	15
NC_000913.3	3501613	0.416666666666667	14
NC_000913.3	3501621	0.732142857142857	15
NC_000913.3	3501624	0.714285714285714	14
NC_000913.3	3501635	0.517857142857143	15
NC_000913.3	3501638	0.714285714285714	15
NC_000913.3	3501649	0.433333333333333	11
NC_000913.3	3501651	0.607142857142857	15
NC_000913.3	3501653	0.619047619047619	16
NC_000913.3	3501662	0.468253968253968	16
NC_000913.3	3501671	0.5	14
NC_000913.3	3501674	0.492063492063492	16
NC_000913.3	3501677	0.479166666666667	14
NC_000913.3	3501702	0.430555555555556	17
NC_000913.3	3501741	0.777777777777778	18
NC_000913.3	3501763	0.444444444444444	18
NC_000913.3	3501768	0.535714285714286	15
NC_000913.3	3501770	0.590277777777778	17
NC_000913.3	3501773	0.388888888888889	18
NC_000913.3	3501777	0.520833333333333	17
NC_000913.3	3501779	0.253968253968254	16
NC_000913.3	3501786	0.666666666666667	18
NC_000913.3	3501801	0.881944444444444	17
NC_000913.3	3501818	0.722222222222222	18
NC_000913.3	3501824	0.611111111111111	18
NC_000913.3	3501828	0.659722222222222	17
NC_000913.3	3501841	0.541666666666667	17
NC_000913.3	3501862	0.555555555555556	18
NC_000913.3	3501893	0.611111111111111	18
NC_000913.3	3501906	0.5	18
NC_000913.3	3501914	0.173611111111111	17
NC_000913.3	3501920	0.444444444444444	18
NC_000913.3	3501925	0.708333333333333	17
NC_000913.3	3501929	0.666666666666667	18
NC_000913.3	3501956	0.756944444444444	17
NC_000913.3	3501977	0.638888888888889	17
NC_000913.3	3501981	0.555555555555556	18
NC_000913.3	3501987	0.523809523809524	16
NC_000913.3	3501999	0.5	18
NC_000913.3	3502009	0.611111111111111	18
NC_000913.3	3502019	0.555555555555556	18
NC_000913.3	3502032	0.873015873015873	16
NC_000913.3	3502037	0.611111111111111	18
NC_000913.3	3502041	0.611111111111111	18
NC_000913.3	3502046	0.277777777777778	18
NC_000913.3	3502062	0.611111111111111	18
NC_000913.3	3502078	0.819444444444444	17
NC_000913.3	3502089	0.444444444444444	18
NC_000913.3	3502093	0.666666666666667	17
NC_000913.3	3502095	0.611111111111111	18
NC_000913.3	3502117	0.701388888888889	17
NC_000913.3	3502128	0.666666666666667	18
NC_000913.3	3502134	0.401785714285714	15
NC_000913.3	3502140	0.638888888888889	17
NC_000913.3	3502146	0.75	16
NC_000913.3	3502149	0.444444444444444	18
NC_000913.3	3502157	0.446428571428571	15
NC_000913.3	3502172	0.527777777777778	21
NC_000913.3	3502184	0.44949494949495	20
NC_000913.3	3502197	0.341880341880342	22
NC_000913.3	3502250	0.478632478632479	22
NC_000913.3	3502258	0.833333333333333	20
NC_000913.3	3502261	0.414529914529915	22
NC_000913.3	3502269	0.402777777777778	21
NC_000913.3	3502300	0.247863247863248	22
NC_000913.3	3502305	0.276923076923077	23
NC_000913.3	3502311	0.35	20
NC_000913.3	3502316	0.15	21
NC_000913.3	3502324	0.166666666666667	20
NC_000913.3	3502338	0.345454545454545	21
NC_000913.3	3502363	0.347222222222222	21
NC_000913.3	3502373	0.591666666666667	22
NC_000913.3	3502390	0.625	22
NC_000913.3	3502397	0.734615384615385	23
NC_000913.3	3502408	0.619230769230769	23
NC_000913.3	3502420	0.452991452991453	22
NC_000913.3	3502423	0.580769230769231	23
NC_000913.3	3502429	0.581196581196581	22
NC_000913.3	3502441	0.561538461538462	23
NC_000913.3	3502445	0.634615384615385	23
NC_000913.3	3502449	0.375	22
NC_000913.3	3502453	0.622727272727273	21
NC_000913.3	3502455	0.469230769230769	23
NC_000913.3	3502459	0.480769230769231	23
NC_000913.3	3502461	0.620192307692308	21
NC_000913.3	3502464	0.371428571428571	24
NC_000913.3	3502476	0.568376068376068	22
NC_000913.3	3502480	0.584615384615385	23
NC_000913.3	3502500	0.878571428571429	24
NC_000913.3	3502506	0.829059829059829	22
NC_000913.3	3502512	0.514285714285714	24
NC_000913.3	3502524	0.55	24
NC_000913.3	3502531	0.522727272727273	21
NC_000913.3	3502539	0.619230769230769	23
NC_000913.3	3502552	0.742857142857143	24
NC_000913.3	3502560	0.466666666666667	25
NC_000913.3	3502579	0.706349206349206	23
NC_000913.3	3502592	0.383333333333333	25
NC_000913.3	3502595	0.514285714285714	24
NC_000913.3	3502597	0.492857142857143	24
NC_000913.3	3502606	0.291666666666667	21
NC_000913.3	3502623	0.533333333333333	25
NC_000913.3	3502648	0.283333333333333	22
NC_000913.3	3502650	0.166666666666667	24
NC_000913.3	3502659	0.611111111111111	24
NC_000913.3	3502669	0.2	24
NC_000913.3	3502671	0.283333333333333	25
NC_000913.3	3502678	0.321428571428571	24
NC_000913.3	3502680	0.271428571428571	24
NC_000913.3	3502692	0.65	25
NC_000913.3	3502715	0.328571428571429	24
NC_000913.3	3502735	0.583333333333333	25
NC_000913.3	3502750	0.325	22
NC_000913.3	3502752	0.153846153846154	23
NC_000913.3	3502762	0.73015873015873	23
NC_000913.3	3502780	0.166666666666667	23
NC_000913.3	3502785	0.316666666666667	25
NC_000913.3	3502791	0.622727272727273	21
NC_000913.3	3502794	0.307142857142857	24
NC_000913.3	3502803	0.569230769230769	23
NC_000913.3	3502807	0.657692307692308	23
NC_000913.3	3502810	0.464285714285714	24
NC_000913.3	3502839	0.627272727272727	21
NC_000913.3	3502845	0.783333333333333	22
NC_000913.3	3502857	0.666666666666667	25
NC_000913.3	3502860	0.61965811965812	22
NC_000913.3	3502862	0.733333333333333	25
NC_000913.3	3502879	0.5625	22
NC_000913.3	3502888	0.326923076923077	23
NC_000913.3	3502890	0.55	25
NC_000913.3	3502893	0.655555555555556	24
NC_000913.3	3502905	0.511111111111111	24
NC_000913.3	3502911	0.366666666666667	24
NC_000913.3	3502927	0.45	25
NC_000913.3	3502939	0.688888888888889	24
NC_000913.3	3502949	0.328571428571429	24
NC_000913.3	3502966	0.480769230769231	23
NC_000913.3	3502972	0.546153846153846	23
NC_000913.3	3502975	0.2	24
NC_000913.3	3502984	0.5	25
NC_000913.3	3502989	0.466666666666667	25
NC_000913.3	3503019	0.633333333333333	25
NC_000913.3	3503024	0.385714285714286	24
NC_000913.3	3503036	0.569230769230769	23
NC_000913.3	3503038	0.6	25
NC_000913.3	3503051	0.607142857142857	24
NC_000913.3	3503073	0.616666666666667	25
NC_000913.3	3503088	0.416666666666667	25
NC_000913.3	3503101	0.426923076923077	23
NC_000913.3	3503120	0.785714285714286	24
NC_000913.3	3503127	0.85	25
NC_000913.3	3503135	0.65	22
NC_000913.3	3503141	0.619047619047619	13
NC_000913.3	3503143	0.583333333333333	22
NC_000913.3	3503145	0.546153846153846	23
NC_000913.3	3503154	0.566666666666667	25
NC_000913.3	3503180	0.677777777777778	24
NC_000913.3	3503187	0.646153846153846	23
NC_000913.3	3503190	0.7	24
NC_000913.3	3503199	0.657692307692308	23
NC_000913.3	3503202	0.5	25
NC_000913.3	3503213	0.471428571428571	24
NC_000913.3	3503228	0.6	25
NC_000913.3	3503238	0.7	25
NC_000913.3	3503246	0.558333333333333	22
NC_000913.3	3503258	0.7	25
NC_000913.3	3503272	0.541666666666667	22
NC_000913.3	3503277	0.466666666666667	24
NC_000913.3	3503288	0.577777777777778	24
NC_000913.3	3503313	0.366666666666667	24
NC_000913.3	3503322	0.585714285714286	24
NC_000913.3	3503346	0.64375	26
NC_000913.3	3503350	0.65	25
NC_000913.3	3503358	0.677777777777778	24
NC_000913.3	3503361	0.514285714285714	24
NC_000913.3	3503381	0.49375	26
NC_000913.3	3503388	0.533333333333333	25
NC_000913.3	3503391	0.6875	26
NC_000913.3	3503397	0.615384615384615	22
NC_000913.3	3503421	0.489583333333333	25
NC_000913.3	3503431	0.685714285714286	24
NC_000913.3	3503433	0.55	25
NC_000913.3	3503442	0.635714285714286	24
NC_000913.3	3503451	0.530769230769231	23
NC_000913.3	3503457	0.802083333333333	25
NC_000913.3	3503466	0.583333333333333	25
NC_000913.3	3503493	0.7	24
NC_000913.3	3503504	0.84375	24
NC_000913.3	3503523	0.426136363636364	27
NC_000913.3	3503525	0.369318181818182	27
NC_000913.3	3503543	0.614285714285714	22
NC_000913.3	3503550	0.730519480519481	25
NC_000913.3	3503568	0.714285714285714	25
NC_000913.3	3503573	0.508522727272727	27
NC_000913.3	3503586	0.627840909090909	27
NC_000913.3	3503592	0.659090909090909	25
NC_000913.3	3503601	0.4125	26
NC_000913.3	3503618	0.352272727272727	27
NC_000913.3	3503639	0.6	25
NC_000913.3	3503646	0.472727272727273	26
NC_000913.3	3503664	0.227272727272727	25
NC_000913.3	3503669	0.415584415584416	25
NC_000913.3	3503679	0.554545454545455	26
NC_000913.3	3503684	0.594405594405594	24
NC_000913.3	3503689	0.659090909090909	25
NC_000913.3	3503705	0.503030303030303	26
NC_000913.3	3503716	0.26875	26
NC_000913.3	3503721	0.539393939393939	26
NC_000913.3	3503741	0.607638888888889	25
NC_000913.3	3503754	0.381818181818182	21
NC_000913.3	3503775	0.45	25
NC_000913.3	3503777	0.40625	26
NC_000913.3	3503788	0.434659090909091	27
NC_000913.3	3503804	0.36969696969697	26
NC_000913.3	3503810	0.527272727272727	26
NC_000913.3	3503817	0.431818181818182	27
NC_000913.3	3503832	0.625668449197861	28
NC_000913.3	3503840	0.539772727272727	27
NC_000913.3	3503850	0.463068181818182	27
NC_000913.3	3503862	0.49375	26
NC_000913.3	3503873	0.26875	26
NC_000913.3	3503888	0.496503496503496	24
NC_000913.3	3503894	0.74331550802139	28
NC_000913.3	3503900	0.582887700534759	28
NC_000913.3	3503909	0.312121212121212	26
NC_000913.3	3503912	0.6	27
NC_000913.3	3503916	0.564171122994652	28
NC_000913.3	3503918	0.632352941176471	27
NC_000913.3	3503921	0.716577540106952	28
NC_000913.3	3503940	0.377005347593583	28
NC_000913.3	3503959	0.682352941176471	27
NC_000913.3	3503965	0.815340909090909	27
NC_000913.3	3503979	0.772727272727273	22
NC_000913.3	3503985	0.568181818181818	27
NC_000913.3	3504000	0.296791443850267	28
NC_000913.3	3504007	0.547058823529412	27
NC_000913.3	3504020	0.5	27
NC_000913.3	3504047	0.472727272727273	26
NC_000913.3	3504062	0.555555555555556	27
NC_000913.3	3504067	0.659090909090909	29
NC_000913.3	3504090	0.524064171122995	28
NC_000913.3	3504096	0.43048128342246	28
NC_000913.3	3504100	0.585561497326203	28
NC_000913.3	3504106	0.661616161616162	29
NC_000913.3	3504123	0.45625	26
NC_000913.3	3504125	0.563636363636364	26
NC_000913.3	3504144	0.532828282828283	29
NC_000913.3	3504162	0.525	26
NC_000913.3	3504168	0.558823529411765	27
NC_000913.3	3504189	0.707070707070707	29
NC_000913.3	3504196	0.582887700534759	28
NC_000913.3	3504208	0.325	22
NC_000913.3	3504222	0.647727272727273	31
NC_000913.3	3504237	0.578282828282828	29
NC_000913.3	3504240	0.713636363636364	31
NC_000913.3	3504250	0.543181818181818	31
NC_000913.3	3504297	0.673295454545455	27
NC_000913.3	3504324	0.477272727272727	27
NC_000913.3	3504333	0.65	30
NC_000913.3	3504350	0.783333333333333	32
NC_000913.3	3504353	0.569444444444444	30
NC_000913.3	3504369	0.569444444444444	30
NC_000913.3	3504379	0.418859649122807	31
NC_000913.3	3504387	0.837719298245614	31
NC_000913.3	3504390	0.762032085561497	28
NC_000913.3	3504392	0.708333333333333	30
NC_000913.3	3504395	0.668181818181818	31
NC_000913.3	3504402	0.458333333333333	32
NC_000913.3	3504420	0.25	27
NC_000913.3	3504429	0.625	33
NC_000913.3	3504448	0.417748917748918	32
NC_000913.3	3504462	0.439393939393939	34
NC_000913.3	3504473	0.643939393939394	34
NC_000913.3	3504500	0.452380952380952	33
NC_000913.3	3504506	0.463203463203463	32
NC_000913.3	3504508	0.477272727272727	34
NC_000913.3	3504534	0.589285714285714	33
NC_000913.3	3504537	0.639705882352941	29
NC_000913.3	3504571	0.765151515151515	34
NC_000913.3	3504581	0.410714285714286	33
NC_000913.3	3504583	0.361111111111111	30
NC_000913.3	3504594	0.545454545454545	33
NC_000913.3	3504609	0.695175438596491	31
NC_000913.3	3504621	0.333333333333333	33
NC_000913.3	3504628	0.446969696969697	34
NC_000913.3	3504632	0.283333333333333	32
NC_000913.3	3504654	0.58008658008658	32
NC_000913.3	3504663	0.658333333333333	32
NC_000913.3	3504668	0.625	34
NC_000913.3	3504676	0.74780701754386	31
NC_000913.3	3504690	0.657894736842105	31
NC_000913.3	3504713	0.428321678321678	35
NC_000913.3	3504720	0.48951048951049	35
NC_000913.3	3504726	0.536713286713287	35
NC_000913.3	3504739	0.589285714285714	29
NC_000913.3	3504741	0.598901098901099	34
NC_000913.3	3504748	0.479166666666667	28
NC_000913.3	3504785	0.489010989010989	34
NC_000913.3	3504792	0.625874125874126	35
NC_000913.3	3504803	0.735294117647059	30
NC_000913.3	3504812	0.694139194139194	34
NC_000913.3	3504818	0.613636363636364	35
NC_000913.3	3504821	0.718531468531469	35
NC_000913.3	3504830	0.6996336996337	34
NC_000913.3	3504832	0.741258741258741	35
NC_000913.3	3504849	0.43006993006993	35
NC_000913.3	3504853	0.266666666666667	31
NC_000913.3	3504887	0.594230769230769	33
NC_000913.3	3504896	0.452380952380952	35
NC_000913.3	3504905	0.483766233766234	36
NC_000913.3	3504920	0.507936507936508	32
NC_000913.3	3504957	0.368181818181818	37
NC_000913.3	3504966	0.221739130434783	38
NC_000913.3	3504974	0.582608695652174	38
NC_000913.3	3504985	0.633333333333333	35
NC_000913.3	3504990	0.562121212121212	37
NC_000913.3	3504995	0.366666666666667	35
NC_000913.3	3505005	0.571428571428571	36
NC_000913.3	3505010	0.638888888888889	33
NC_000913.3	3505034	0.588068181818182	38
NC_000913.3	3505041	0.510869565217391	39
NC_000913.3	3505046	0.252840909090909	38
NC_000913.3	3505051	0.259090909090909	37
NC_000913.3	3505059	0.622282608695652	39
NC_000913.3	3505070	0.71875	36
NC_000913.3	3505073	0.641304347826087	39
NC_000913.3	3505088	0.647727272727273	38
NC_000913.3	3505103	0.508152173913043	39
NC_000913.3	3505120	0.644886363636364	38
NC_000913.3	3505122	0.679347826086957	39
NC_000913.3	3505130	0.7	36
NC_000913.3	3505150	0.630681818181818	38
NC_000913.3	3505157	0.501547987616099	36
NC_000913.3	3505171	0.566844919786096	39
NC_000913.3	3505187	0.599206349206349	39
NC_000913.3	3505193	0.575657894736842	35
NC_000913.3	3505208	0.566666666666667	38
NC_000913.3	3505210	0.414251207729469	41
NC_000913.3	3505223	0.446428571428571	37
NC_000913.3	3505229	0.401515151515151	40
NC_000913.3	3505237	0.502525252525252	40
NC_000913.3	3505257	0.475972540045767	42
NC_000913.3	3505280	0.234126984126984	39
NC_000913.3	3505282	0.336124401913876	41
NC_000913.3	3505295	0.684659090909091	38
NC_000913.3	3505311	0.323232323232323	40
NC_000913.3	3505325	0.811594202898551	41
NC_000913.3	3505333	0.592105263157895	37
NC_000913.3	3505351	0.514705882352941	39
NC_000913.3	3505354	0.421497584541063	41
NC_000913.3	3505364	0.755148741418764	42
NC_000913.3	3505369	0.807416267942584	41
NC_000913.3	3505371	0.739234449760765	41
NC_000913.3	3505377	0.614832535885167	41
NC_000913.3	3505396	0.654761904761905	39
NC_000913.3	3505399	0.362700228832952	42
NC_000913.3	3505451	0.532894736842105	39
NC_000913.3	3505460	0.625816993464052	35
NC_000913.3	3505462	0.591666666666667	38
NC_000913.3	3505465	0.590277777777778	42
NC_000913.3	3505477	0.602974828375286	42
NC_000913.3	3505482	0.425	40
NC_000913.3	3505499	0.519736842105263	43
NC_000913.3	3505513	0.359090909090909	42
NC_000913.3	3505520	0.710869565217391	43
NC_000913.3	3505535	0.478468899521531	41
NC_000913.3	3505537	0.558333333333333	44
NC_000913.3	3505539	0.482620320855615	39
NC_000913.3	3505544	0.545652173913043	43
NC_000913.3	3505567	0.483333333333333	44
NC_000913.3	3505580	0.407608695652174	43
NC_000913.3	3505590	0.690909090909091	42
NC_000913.3	3505592	0.660087719298246	43
NC_000913.3	3505607	0.879227053140097	41
NC_000913.3	3505610	0.644761904761905	46
NC_000913.3	3505616	0.440952380952381	46
NC_000913.3	3505627	0.595454545454545	42
NC_000913.3	3505630	0.547619047619048	42
NC_000913.3	3505633	0.494047619047619	45
NC_000913.3	3505649	0.461904761904762	46
NC_000913.3	3505679	0.615	45
NC_000913.3	3505707	0.467391304347826	45
NC_000913.3	3505712	0.558300395256917	45
NC_000913.3	3505715	0.396245059288538	45
NC_000913.3	3505727	0.613636363636364	44
NC_000913.3	3505729	0.431428571428571	46
NC_000913.3	3505746	0.671936758893281	45
NC_000913.3	3505754	0.399621212121212	46
NC_000913.3	3505769	0.583636363636364	47
NC_000913.3	3505777	0.595	49
NC_000913.3	3505780	0.809090909090909	47
NC_000913.3	3505782	0.673913043478261	46
NC_000913.3	3505787	0.830615942028985	47
NC_000913.3	3505789	0.731304347826087	48
NC_000913.3	3505799	0.59963768115942	47
NC_000913.3	3505801	0.615036231884058	47
NC_000913.3	3505814	0.795833333333333	49
NC_000913.3	3505817	0.548076923076923	50
NC_000913.3	3505828	0.566086956521739	48
NC_000913.3	3505860	0.604166666666667	48
NC_000913.3	3505870	0.342809364548495	36
NC_000913.3	3505872	0.341666666666667	44
NC_000913.3	3505874	0.27257525083612	49
NC_000913.3	3505892	0.694055944055944	48
NC_000913.3	3505909	0.571428571428571	42
NC_000913.3	3505924	0.564009661835749	41
NC_000913.3	3505930	0.354545454545455	42
NC_000913.3	3505941	0.466485507246377	47
NC_000913.3	3505961	0.695652173913043	46
NC_000913.3	3505979	0.636904761904762	45
NC_000913.3	3505991	0.395833333333333	48
NC_000913.3	3506012	0.416666666666667	48
NC_000913.3	3506038	0.3125	48
NC_000913.3	3506043	0.399621212121212	46
NC_000913.3	3506082	0.5	48
NC_000913.3	3506100	0.356060606060606	46
NC_000913.3	3506104	0.33399209486166	45
NC_000913.3	3506110	0.422348484848485	46
NC_000913.3	3506125	0.377470355731225	45
NC_000913.3	3506129	0.33102766798419	45
NC_000913.3	3506142	0.423913043478261	47
NC_000913.3	3506164	0.309288537549407	45
NC_000913.3	3506166	0.404891304347826	47
NC_000913.3	3506178	0.329545454545455	46
NC_000913.3	3506188	0.349802371541502	45
NC_000913.3	3506205	0.422348484848485	46
NC_000913.3	3506212	0.438735177865613	45
NC_000913.3	3506217	0.520833333333333	46
NC_000913.3	3506227	0.565217391304348	46
NC_000913.3	3506253	0.404891304347826	47
NC_000913.3	3506258	0.305263157894737	39
NC_000913.3	3506269	0.41304347826087	46
NC_000913.3	3506272	0.463386727688787	42
NC_000913.3	3506279	0.51984126984127	39
NC_000913.3	3506284	0.401515151515151	46
NC_000913.3	3506287	0.268939393939394	46
NC_000913.3	3506294	0.441666666666667	44
NC_000913.3	3506310	0.484848484848485	46
NC_000913.3	3506314	0.604743083003953	45
NC_000913.3	3506318	0.467908902691511	44
NC_000913.3	3506335	0.432142857142857	41
NC_000913.3	3506338	0.305383022774327	44
NC_000913.3	3506352	0.636363636363636	44
NC_000913.3	3506362	0.562252964426877	45
NC_000913.3	3506374	0.428571428571429	42
NC_000913.3	3506380	0.477272727272727	42
NC_000913.3	3506383	0.400197628458498	45
NC_000913.3	3506398	0.595238095238095	42
NC_000913.3	3506419	0.458695652173913	43
NC_000913.3	3506437	0.235930735930736	43
NC_000913.3	3506446	0.522727272727273	44
NC_000913.3	3506448	0.515810276679842	45
NC_000913.3	3506464	0.492094861660079	45
NC_000913.3	3506481	0.46583850931677	44
NC_000913.3	3506483	0.590909090909091	44
NC_000913.3	3506503	0.604743083003953	45
NC_000913.3	3506518	0.585227272727273	46
NC_000913.3	3506524	0.340909090909091	44
NC_000913.3	3506533	0.390909090909091	42
NC_000913.3	3506536	0.560869565217391	43
NC_000913.3	3506541	0.625	40
NC_000913.3	3506547	0.135011441647597	42
NC_000913.3	3506575	0.340909090909091	44
NC_000913.3	3506613	0.438095238095238	41
NC_000913.3	3506616	0.510869565217391	43
NC_000913.3	3506634	0.305023923444976	41
NC_000913.3	3506640	0.446428571428571	45
NC_000913.3	3506666	0.223214285714286	45
NC_000913.3	3506671	0.5375	44
NC_000913.3	3506675	0.424812030075188	40
NC_000913.3	3506689	0.405952380952381	41
NC_000913.3	3506697	0.426501035196687	44
NC_000913.3	3506723	0.524844720496894	44
NC_000913.3	3506729	0.635869565217391	43
NC_000913.3	3506736	0.30952380952381	42
NC_000913.3	3506746	0.423160173160173	43
NC_000913.3	3506748	0.503105590062112	44
NC_000913.3	3506784	0.441666666666667	41
NC_000913.3	3506816	0.470238095238095	45
NC_000913.3	3506820	0.372670807453416	44
NC_000913.3	3506831	0.195454545454545	42
NC_000913.3	3506850	0.460526315789474	39
NC_000913.3	3506853	0.489285714285714	41
NC_000913.3	3506856	0.582608695652174	43
NC_000913.3	3506893	0.532894736842105	39
NC_000913.3	3506902	0.327380952380952	45
NC_000913.3	3506929	0.523809523809524	42
NC_000913.3	3506932	0.572463768115942	44
NC_000913.3	3506968	0.536796536796537	43
NC_000913.3	3506974	0.380952380952381	36
NC_000913.3	3506976	0.35	40
NC_000913.3	3507021	0.664285714285714	41
NC_000913.3	3507033	0.571428571428571	39
NC_000913.3	3507046	0.6375	36
NC_000913.3	3507064	0.555921052631579	35
NC_000913.3	3507072	0.552631578947368	38
NC_000913.3	3507075	0.580200501253133	40
NC_000913.3	3507084	0.422248803827751	41
NC_000913.3	3507108	0.547987616099071	36
NC_000913.3	3507120	0.464114832535885	41
NC_000913.3	3507148	0.524671052631579	35
NC_000913.3	3507180	0.658730158730159	39
NC_000913.3	3507190	0.623015873015873	39
NC_000913.3	3507195	0.556862745098039	32
NC_000913.3	3507197	0.404040404040404	40
NC_000913.3	3507200	0.382205513784461	40
NC_000913.3	3507226	0.435526315789474	39
NC_000913.3	3507235	0.407120743034056	36
NC_000913.3	3507239	0.610275689223058	40
NC_000913.3	3507246	0.646616541353384	40
NC_000913.3	3507262	0.603641456582633	38
NC_000913.3	3507265	0.565656565656566	40
NC_000913.3	3507269	0.641414141414141	40
NC_000913.3	3507274	0.604575163398693	35
NC_000913.3	3507283	0.592436974789916	38
NC_000913.3	3507295	0.247326203208556	39
NC_000913.3	3507304	0.616161616161616	40
NC_000913.3	3507312	0.43048128342246	39
NC_000913.3	3507340	0.301169590643275	37
NC_000913.3	3507372	0.26625386996904	36
NC_000913.3	3507378	0.281746031746032	39
NC_000913.3	3507380	0.428571428571429	39
NC_000913.3	3507386	0.62280701754386	37
NC_000913.3	3507389	0.486607142857143	37
NC_000913.3	3507398	0.266081871345029	37
NC_000913.3	3507411	0.738888888888889	38
NC_000913.3	3507428	0.603641456582633	38
NC_000913.3	3507440	0.530882352941176	37
NC_000913.3	3507449	0.162828947368421	35
NC_000913.3	3507456	0.489766081871345	37
NC_000913.3	3507507	0.365079365079365	39
NC_000913.3	3507509	0.354166666666667	37
NC_000913.3	3507519	0.524767801857585	36
NC_000913.3	3507528	0.452012383900929	36
NC_000913.3	3507530	0.624269005847953	37
NC_000913.3	3507534	0.314705882352941	37
NC_000913.3	3507539	0.290849673202614	35
NC_000913.3	3507549	0.424603174603175	39
NC_000913.3	3507551	0.555555555555556	38
NC_000913.3	3507554	0.396358543417367	38
NC_000913.3	3507575	0.133333333333333	38
NC_000913.3	3507594	0.527777777777778	36
NC_000913.3	3507605	0.353801169590643	37
NC_000913.3	3507639	0.538095238095238	36
NC_000913.3	3507642	0.489705882352941	37
NC_000913.3	3507670	0.691666666666667	38
NC_000913.3	3507686	0.595238095238095	39
NC_000913.3	3507740	0.455882352941176	37
NC_000913.3	3507759	0.511029411764706	33
NC_000913.3	3507782	0.45625	36
NC_000913.3	3507790	0.210526315789474	37
NC_000913.3	3507831	0.576797385620915	35
NC_000913.3	3507851	0.558823529411765	34
NC_000913.3	3507854	0.53921568627451	35
NC_000913.3	3507856	0.472222222222222	36
NC_000913.3	3507868	0.542483660130719	35
NC_000913.3	3507879	0.47008547008547	31
NC_000913.3	3507881	0.4375	32
NC_000913.3	3507896	0.329365079365079	32
NC_000913.3	3507900	0.483333333333333	33
NC_000913.3	3507902	0.575367647058824	33
NC_000913.3	3507907	0.461805555555556	34
NC_000913.3	3507919	0.465277777777778	34
NC_000913.3	3507926	0.547619047619048	32
NC_000913.3	3507933	0.527777777777778	34
NC_000913.3	3507937	0.454861111111111	34
NC_000913.3	3507957	0.489583333333333	34
NC_000913.3	3507966	0.476190476190476	32
NC_000913.3	3507975	0.4375	32
NC_000913.3	3507979	0.6	30
NC_000913.3	3507981	0.588888888888889	33
NC_000913.3	3507984	0.486111111111111	34
NC_000913.3	3507990	0.638888888888889	34
NC_000913.3	3508011	0.636752136752137	31
NC_000913.3	3508029	0.71031746031746	32
NC_000913.3	3508041	0.591269841269841	32
NC_000913.3	3508047	0.489304812834225	28
NC_000913.3	3508049	0.490196078431373	29
NC_000913.3	3508051	0.555555555555556	32
NC_000913.3	3508065	0.572222222222222	33
NC_000913.3	3508081	0.853535353535354	29
NC_000913.3	3508102	0.638655462184874	31
NC_000913.3	3508111	0.398039215686275	32
NC_000913.3	3508114	0.519607843137255	32
NC_000913.3	3508120	0.445054945054945	27
NC_000913.3	3508129	0.466666666666667	30
NC_000913.3	3508133	0.714285714285714	28
NC_000913.3	3508137	0.670833333333333	31
NC_000913.3	3508150	0.602941176470588	31
NC_000913.3	3508156	0.638655462184874	31
NC_000913.3	3508161	0.556862745098039	32
NC_000913.3	3508186	0.689903846153846	29
NC_000913.3	3508189	0.7	30
NC_000913.3	3508203	0.637254901960784	32
NC_000913.3	3508212	0.515686274509804	32
NC_000913.3	3508219	0.591346153846154	29
NC_000913.3	3508221	0.502100840336134	31
NC_000913.3	3508230	0.436974789915966	31
NC_000913.3	3508243	0.394117647058824	32
NC_000913.3	3508251	0.523529411764706	32
NC_000913.3	3508272	0.46078431372549	32
NC_000913.3	3508285	0.5	30
NC_000913.3	3508299	0.509523809523809	29
NC_000913.3	3508304	0.3	30
NC_000913.3	3508309	0.536199095022624	30
NC_000913.3	3508321	0.218487394957983	31
NC_000913.3	3508330	0.46606334841629	30
NC_000913.3	3508332	0.292156862745098	32
NC_000913.3	3508347	0.180392156862745	32
NC_000913.3	3508362	0.383333333333333	31
NC_000913.3	3508372	0.56078431372549	32
NC_000913.3	3508377	0.593939393939394	26
NC_000913.3	3508379	0.55	29
NC_000913.3	3508402	0.439393939393939	23
NC_000913.3	3508409	0.558974358974359	28
NC_000913.3	3508421	0.438914027149321	30
NC_000913.3	3508445	0.633333333333333	25
NC_000913.3	3508449	0.630769230769231	28
NC_000913.3	3508454	0.327272727272727	26
NC_000913.3	3508467	0.510416666666667	31
NC_000913.3	3508489	0.566666666666667	30
NC_000913.3	3508505	0.741071428571429	30
NC_000913.3	3508515	0.6875	30
NC_000913.3	3508530	0.545833333333333	31
NC_000913.3	3508560	0.579166666666667	31
NC_000913.3	3508573	0.325	31
NC_000913.3	3508576	0.514285714285714	29
NC_000913.3	3508609	0.348214285714286	30
NC_000913.3	3508630	0.619047619047619	29
NC_000913.3	3508644	0.675	31
NC_000913.3	3508650	0.525	27
NC_000913.3	3508652	0.5	30
NC_000913.3	3508654	0.229166666666667	31
NC_000913.3	3508670	0.4375	28
NC_000913.3	3508692	0.767857142857143	30
NC_000913.3	3508699	0.40625	28
NC_000913.3	3508706	0.604166666666667	31
NC_000913.3	3508713	0.704166666666667	31
NC_000913.3	3508718	0.721153846153846	29
NC_000913.3	3508757	0.395833333333333	28
NC_000913.3	3508759	0.276190476190476	29
NC_000913.3	3508785	0.389583333333333	31
NC_000913.3	3508790	0.466666666666667	30
NC_000913.3	3508796	0.447916666666667	31
NC_000913.3	3508803	0.541666666666667	31
NC_000913.3	3508811	0.38125	31
NC_000913.3	3508836	0.746153846153846	28
NC_000913.3	3508849	0.584615384615385	28
NC_000913.3	3508861	0.3	30
NC_000913.3	3508868	0.547916666666667	31
NC_000913.3	3508879	0.422916666666667	31
NC_000913.3	3508883	0.545138888888889	25
NC_000913.3	3508891	0.366666666666667	30
NC_000913.3	3508895	0.321428571428571	28
NC_000913.3	3508898	0.3	30
NC_000913.3	3508916	0.452380952380952	29
NC_000913.3	3508922	0.257575757575758	26
NC_000913.3	3508950	0.45	27
NC_000913.3	3508953	0.307142857142857	29
NC_000913.3	3508956	0.347619047619048	29
NC_000913.3	3508973	0.355769230769231	25
NC_000913.3	3508996	0.423809523809524	29
NC_000913.3	3509027	0.51025641025641	28
NC_000913.3	3509045	0.233333333333333	28
NC_000913.3	3509072	0.383333333333333	27
NC_000913.3	3509081	0.515384615384615	28
NC_000913.3	3509123	0.448484848484848	26
NC_000913.3	3509126	0.602564102564103	28
NC_000913.3	3509144	0.401098901098901	27
NC_000913.3	3509156	0.625	27
NC_000913.3	3509168	0.746153846153846	28
NC_000913.3	3509176	0.552197802197802	27
NC_000913.3	3509178	0.538461538461538	26
NC_000913.3	3509181	0.569230769230769	28
NC_000913.3	3509200	0.6	27
NC_000913.3	3509219	0.475	27
NC_000913.3	3509225	0.616666666666667	25
NC_000913.3	3509233	0.677777777777778	24
NC_000913.3	3509243	0.357575757575758	26
NC_000913.3	3509272	0.425	27
NC_000913.3	3509276	0.491666666666667	27
NC_000913.3	3509293	0.390909090909091	26
NC_000913.3	3509297	0.5	25
NC_000913.3	3509302	0.386363636363636	25
NC_000913.3	3509318	0.487012987012987	25
NC_000913.3	3509321	0.375	27
NC_000913.3	3509348	0.569230769230769	23
NC_000913.3	3509376	0.43006993006993	24
NC_000913.3	3509381	0.349358974358974	25
NC_000913.3	3509390	0.62012987012987	25
NC_000913.3	3509397	0.481818181818182	26
NC_000913.3	3509403	0.611888111888112	24
NC_000913.3	3509435	0.535714285714286	22
NC_000913.3	3509440	0.435714285714286	24
NC_000913.3	3509443	0.55952380952381	23
NC_000913.3	3509462	0.404761904761905	26
NC_000913.3	3509485	0.508928571428571	22
NC_000913.3	3509498	0.428571428571429	21
NC_000913.3	3509500	0.416666666666667	23
NC_000913.3	3509512	0.333333333333333	22
NC_000913.3	3509517	0.5	24
NC_000913.3	3509520	0.696428571428571	22
NC_000913.3	3509526	0.314285714285714	24
NC_000913.3	3509530	0.571428571428571	22
NC_000913.3	3509532	0.55	24
NC_000913.3	3509567	0.634920634920635	23
NC_000913.3	3509594	0.455357142857143	22
NC_000913.3	3509606	0.257575757575758	20
NC_000913.3	3509616	0.226495726495726	22
NC_000913.3	3509627	0.664285714285714	24
NC_000913.3	3509634	0.568181818181818	21
NC_000913.3	3509648	0.523809523809524	23
NC_000913.3	3509664	0.621428571428571	24
NC_000913.3	3509673	0.607692307692308	23
NC_000913.3	3509691	0.523809523809524	23
NC_000913.3	3509724	0.5	21
NC_000913.3	3509730	0.461538461538462	22
NC_000913.3	3509739	0.291666666666667	20
NC_000913.3	3509743	0.333333333333333	19
NC_000913.3	3509751	0.457264957264957	22
NC_000913.3	3509774	0.645833333333333	20
NC_000913.3	3509806	0.708333333333333	15
NC_000913.3	3509808	0.417582417582418	20
NC_000913.3	3509816	0.672619047619048	19
NC_000913.3	3509847	0.486111111111111	21
NC_000913.3	3509851	0.555555555555556	21
NC_000913.3	3509854	0.666666666666667	21
NC_000913.3	3509861	0.373737373737374	20
NC_000913.3	3509866	0.575757575757576	17
NC_000913.3	3509871	0.181818181818182	19
NC_000913.3	3509881	0.358585858585859	20
NC_000913.3	3509899	0.568181818181818	19
NC_000913.3	3509904	0.416666666666667	19
NC_000913.3	3509921	0.477777777777778	19
NC_000913.3	3509925	0.366666666666667	19
NC_000913.3	3509954	0.0625	19
NC_000913.3	3509962	0.180555555555556	17
NC_000913.3	3509972	0.5	18
NC_000913.3	3509986	0.694805194805195	18
NC_000913.3	3510044	0.348484848484849	20
NC_000913.3	3510056	0.471590909090909	19
NC_000913.3	3510065	0.244318181818182	19
NC_000913.3	3510075	0.460227272727273	19
NC_000913.3	3510078	0.44949494949495	20
NC_000913.3	3510088	0.455555555555556	19
NC_000913.3	3510091	0.363636363636364	19
NC_000913.3	3510094	0.461111111111111	19
NC_000913.3	3510109	0.55050505050505	20
NC_000913.3	3510114	0.311111111111111	19
NC_000913.3	3510149	0.555555555555556	18
NC_000913.3	3510151	0.388888888888889	18
NC_000913.3	3510156	0.455357142857143	15
NC_000913.3	3510169	0.75	16
NC_000913.3	3510185	0.482142857142857	15
NC_000913.3	3510197	0.472222222222222	17
NC_000913.3	3510203	0.645833333333333	17
NC_000913.3	3510211	0.527777777777778	17
NC_000913.3	3510217	0.5	16
NC_000913.3	3510232	0.652777777777778	17
NC_000913.3	3510239	0.455357142857143	15
NC_000913.3	3510254	0.645833333333333	17
NC_000913.3	3510269	0.5625	16
NC_000913.3	3510278	0.708333333333333	17
NC_000913.3	3510280	0.6875	16
NC_000913.3	3510311	0.383928571428571	15
NC_000913.3	3510324	0.3125	17
NC_000913.3	3510338	0.458333333333333	17
NC_000913.3	3510350	0.625	16
NC_000913.3	3510356	0.571428571428571	14
NC_000913.3	3510370	0.375	16
NC_000913.3	3510412	0.25	16
NC_000913.3	3510445	0.354166666666667	14
NC_000913.3	3510448	0.625	16
NC_000913.3	3510458	0.375	16
NC_000913.3	3510481	0.455357142857143	15
NC_000913.3	3510494	0.375	16
NC_000913.3	3510511	0.339285714285714	15
NC_000913.3	3510514	0.410714285714286	15
NC_000913.3	3510546	0.357142857142857	14
NC_000913.3	3510550	0.321428571428571	13
NC_000913.3	3510560	0.285714285714286	14
NC_000913.3	3510563	0.419642857142857	15
NC_000913.3	3510566	0.357142857142857	14
NC_000913.3	3510579	0.535714285714286	13
NC_000913.3	3510581	0.666666666666667	12
NC_000913.3	3510589	0.5	14
NC_000913.3	3510601	0.526785714285714	15
NC_000913.3	3510610	0.571428571428571	14
NC_000913.3	3510613	0.0714285714285714	14
NC_000913.3	3510628	0.571428571428571	14
NC_000913.3	3510631	0.761904761904762	13
NC_000913.3	3510677	0.678571428571429	13
NC_000913.3	3510694	0.464285714285714	13
NC_000913.3	3510696	0.535714285714286	13
NC_000913.3	3510699	0.773809523809524	13
NC_000913.3	3510708	0.357142857142857	14
NC_000913.3	3510710	0.642857142857143	14
NC_000913.3	3510728	0.642857142857143	14
NC_000913.3	3510739	0.357142857142857	14
NC_000913.3	3510767	0.357142857142857	14
NC_000913.3	3510776	0.214285714285714	14
NC_000913.3	3510783	0.392857142857143	13
NC_000913.3	3510820	0.428571428571429	14
NC_000913.3	3510828	0.392857142857143	13
NC_000913.3	3510830	0.55952380952381	13
NC_000913.3	3510833	0.428571428571429	14
NC_000913.3	3510846	0.571428571428571	14
NC_000913.3	3510853	0.380952380952381	13
NC_000913.3	3510874	0.285714285714286	13
NC_000913.3	3510877	0.642857142857143	14
NC_000913.3	3510893	0.385714285714286	12
NC_000913.3	3510898	0.571428571428571	14
NC_000913.3	3510928	0.5	14
NC_000913.3	3510931	0.5	12
NC_000913.3	3510941	0.702380952380952	13
NC_000913.3	3510944	0.69047619047619	13
NC_000913.3	3510954	0.630952380952381	13
NC_000913.3	3510987	0.392857142857143	13
NC_000913.3	3511038	0.30952380952381	13
NC_000913.3	3511041	0.25	12
NC_000913.3	3511052	0.291666666666667	10
NC_000913.3	3511071	0.464285714285714	13
NC_000913.3	3511126	0.25	13
NC_000913.3	3511143	0.5	12
NC_000913.3	3511179	0.541666666666667	10
NC_000913.3	3511201	0.5	12
NC_000913.3	3511221	0.45	11
NC_000913.3	3511231	0.25	12
NC_000913.3	3511250	0.0833333333333333	12
NC_000913.3	3511253	0.5	12
NC_000913.3	3511259	0.483333333333333	11
NC_000913.3	3511273	0.266666666666667	11
NC_000913.3	3511288	0.458333333333333	10
NC_000913.3	3511294	0.25	12
NC_000913.3	3511310	0.416666666666667	12
NC_000913.3	3511315	0.483333333333333	11
NC_000913.3	3511341	0.266666666666667	11
NC_000913.3	3511347	0.416666666666667	12
NC_000913.3	3511386	0.458333333333333	10
NC_000913.3	3511395	0.3	8
NC_000913.3	3511436	0.35	11
NC_000913.3	3511448	0.2	10
NC_000913.3	3511473	0.2	11
NC_000913.3	3511486	0.3	10
NC_000913.3	3511495	0.7	10
NC_000913.3	3511510	0.5	10
NC_000913.3	3511515	0.4	10
NC_000913.3	3511543	0.575	9
NC_000913.3	3511548	0.3	10
NC_000913.3	3511550	0.125	9
NC_000913.3	3511561	0.4	10
NC_000913.3	3511567	0.433333333333333	8
NC_000913.3	3511584	0.5	10
NC_000913.3	3511586	0.475	9
NC_000913.3	3511591	0.6	10
NC_000913.3	3511601	0.65	9
NC_000913.3	3511604	0.775	9
NC_000913.3	3511607	0.675	9
NC_000913.3	3511633	0.375	8
NC_000913.3	3511640	0.375	8
NC_000913.3	3511648	0.375	9
NC_000913.3	3511661	0.366666666666667	8
NC_000913.3	3511666	0.35	9
NC_000913.3	3511672	0.575	9
NC_000913.3	3511686	0.475	9
NC_000913.3	3511699	0.45	9
NC_000913.3	3511714	0.35	9
NC_000913.3	3511719	0.416666666666667	7
NC_000913.3	3511735	0.5	8
NC_000913.3	3511750	0.45	9
NC_000913.3	3511769	0.625	8
NC_000913.3	3511772	0.5	8
NC_000913.3	3511776	0.833333333333333	6
NC_000913.3	3511792	0.5	8
NC_000913.3	3511794	0.5	8
NC_000913.3	3511801	0.333333333333333	8
NC_000913.3	3511807	0.291666666666667	7
NC_000913.3	3511813	0.475	9
NC_000913.3	3511821	0.475	9
NC_000913.3	3511840	0.541666666666667	7
NC_000913.3	3511846	0.55	9
NC_000913.3	3511856	0.65	9
NC_000913.3	3511871	0.45	9
NC_000913.3	3511873	0.566666666666667	8
NC_000913.3	3511892	0.55	9
NC_000913.3	3511907	0.25	9
NC_000913.3	3511910	0.35	9
NC_000913.3	3511917	0.25	8
NC_000913.3	3511919	0.25	9
NC_000913.3	3511928	0.45	9
NC_000913.3	3511942	0.5	8
NC_000913.3	3511963	0.25	8
NC_000913.3	3511965	0.225	9
NC_000913.3	3511973	0.375	8
NC_000913.3	3511975	0.266666666666667	8
NC_000913.3	3511980	0.375	8
NC_000913.3	3511988	0.291666666666667	7
NC_000913.3	3512029	0.375	8
NC_000913.3	3512033	0.35	9
NC_000913.3	3512044	0.425	9
NC_000913.3	3512052	0.225	9
NC_000913.3	3512083	0.75	8
NC_000913.3	3512128	0.541666666666667	7
NC_000913.3	3512148	0.291666666666667	7
NC_000913.3	3512154	0.333333333333333	7
NC_000913.3	3512157	0.583333333333333	7
NC_000913.3	3512166	0.583333333333333	7
NC_000913.3	3512171	0.458333333333333	7
NC_000913.3	3512176	0.708333333333333	7
NC_000913.3	3512189	0.625	6
NC_000913.3	3512198	0.583333333333333	7
NC_000913.3	3512200	0.458333333333333	7
NC_000913.3	3512207	0.166666666666667	6
NC_000913.3	3512218	0.25	7
NC_000913.3	3512226	0.416666666666667	7
NC_000913.3	3512262	0.666666666666667	6
NC_000913.3	3512269	0.5	6
NC_000913.3	3512292	0.416666666666667	7
NC_000913.3	3512300	0.5	6
NC_000913.3	3512303	0.416666666666667	7
NC_000913.3	3512311	0.541666666666667	7
NC_000913.3	3512314	0.583333333333333	7
NC_000913.3	3512333	0.875	6
NC_000913.3	3512337	0.666666666666667	6
NC_000913.3	3512340	0.75	6
NC_000913.3	3512398	0.625	6
NC_000913.3	3512406	0.583333333333333	7
NC_000913.3	3512419	0.416666666666667	7
NC_000913.3	3512422	0.25	7
NC_000913.3	3512442	0.666666666666667	5
NC_000913.3	3512471	0.166666666666667	6
NC_000913.3	3512481	0.333333333333333	6
NC_000913.3	3512519	0.333333333333333	4
NC_000913.3	3512524	0.666666666666667	5
NC_000913.3	3512573	0.5	5
NC_000913.3	3512582	0.666666666666667	5
NC_000913.3	3512588	0.5	4
NC_000913.3	3512591	0.166666666666667	5
NC_000913.3	3512597	0.833333333333333	5
NC_000913.3	3512611	0.75	4
NC_000913.3	3512637	0.666666666666667	5
NC_000913.3	3512643	0.666666666666667	5
NC_000913.3	3512658	0.833333333333333	5
NC_000913.3	3512663	0.416666666666667	5
NC_000913.3	3512670	0.416666666666667	5
NC_000913.3	3512679	0.416666666666667	5
NC_000913.3	3512683	0.416666666666667	5
NC_000913.3	3512690	0.333333333333333	5
NC_000913.3	3512694	0.833333333333333	4
NC_000913.3	3512696	0.583333333333333	5
NC_000913.3	3512709	0.25	4
NC_000913.3	3512711	0.5	4
NC_000913.3	3512747	0.416666666666667	5
NC_000913.3	3512752	0.25	5
NC_000913.3	3512758	0.583333333333333	5
NC_000913.3	3512767	0.416666666666667	5
NC_000913.3	3512792	0.5	5
NC_000913.3	3512798	0.416666666666667	5
NC_000913.3	3512843	0.583333333333333	5
NC_000913.3	3512877	0.25	4
NC_000913.3	3512883	0.416666666666667	5
NC_000913.3	3512912	0.583333333333333	5
NC_000913.3	3512916	0.583333333333333	5
NC_000913.3	3512933	0.75	5
NC_000913.3	3512938	0.583333333333333	5
NC_000913.3	3512946	0.333333333333333	4
NC_000913.3	3512949	0.25	3
NC_000913.3	3512954	0.416666666666667	5
NC_000913.3	3512957	0.25	5
NC_000913.3	3512970	0.583333333333333	5
NC_000913.3	3512974	0.5	5
NC_000913.3	3512994	0.333333333333333	5
NC_000913.3	3513000	0.416666666666667	5
NC_000913.3	3513017	0.75	5
NC_000913.3	3513023	1	4
NC_000913.3	3513031	0.166666666666667	5
NC_000913.3	3513038	0.833333333333333	5
NC_000913.3	3513063	0.333333333333333	4
NC_000913.3	3513075	0.666666666666667	5
NC_000913.3	3513083	0.5	4
NC_000913.3	3513085	0.583333333333333	5
NC_000913.3	3513087	0.833333333333333	5
NC_000913.3	3513089	0.583333333333333	5
NC_000913.3	3513099	0.5	4
NC_000913.3	3513108	0.75	4
NC_000913.3	3513114	0.5	4
NC_000913.3	3513131	0.75	4
NC_000913.3	3513141	0.75	4
NC_000913.3	3513143	0.25	4
NC_000913.3	3513151	0.75	3
NC_000913.3	3513164	0.25	4
NC_000913.3	3513166	0.5	4
NC_000913.3	3513176	0.25	4
NC_000913.3	3513204	0.5	4
NC_000913.3	3513237	0.25	4
NC_000913.3	3513252	0.25	4
NC_000913.3	3513272	0.75	4
NC_000913.3	3513284	0.25	4
NC_000913.3	3513292	0.5	4
NC_000913.3	3513294	0.75	3
NC_000913.3	3513315	0.25	4
NC_000913.3	3513322	0.5	4
NC_000913.3	3513332	0.75	3
NC_000913.3	3513335	0.25	3
NC_000913.3	3513381	0.5	2
NC_000913.3	3513386	0.5	3
NC_000913.3	3513422	0.75	3
NC_000913.3	3513450	0.5	3
NC_000913.3	3513459	0.75	3
NC_000913.3	3513462	0.75	3
NC_000913.3	3513469	0.25	3
NC_000913.3	3513490	0.75	3
NC_000913.3	3513494	0.75	3
NC_000913.3	3513501	0.5	2
NC_000913.3	3513503	0.75	3
NC_000913.3	3513515	0.25	3
NC_000913.3	3513562	0.25	3
NC_000913.3	3513567	0.75	3
NC_000913.3	3513611	0.25	3
NC_000913.3	3513623	0.25	3
NC_000913.3	3513643	0.75	3
NC_000913.3	3513657	0.75	3
NC_000913.3	3513664	1	1
NC_000913.3	3513678	0.75	3
NC_000913.3	3513729	0.75	3
NC_000913.3	3513738	0.75	3
NC_000913.3	3513741	0.75	3
NC_000913.3	3513753	0.75	3
NC_000913.3	3513784	1	2
NC_000913.3	3513793	0.75	3
NC_000913.3	3513809	0.75	3
NC_000913.3	3513816	0.5	3
NC_000913.3	3513819	0.5	2
NC_000913.3	3513854	0.5	2
NC_000913.3	3513874	0.75	3
NC_000913.3	3513880	0.75	3
NC_000913.3	3513886	0.25	3
NC_000913.3	3513924	0.25	3
NC_000913.3	3513939	0.75	3
NC_000913.3	3513954	0.5	2
NC_000913.3	3513961	0.25	3
NC_000913.3	3513964	0.5	2
NC_000913.3	3513966	0.75	3
NC_000913.3	3513969	0.75	3
NC_000913.3	3513973	0.75	3
NC_000913.3	3513976	0.75	3
NC_000913.3	3513979	0.5	3
NC_000913.3	3514003	0.75	3
NC_000913.3	3514024	1	2
NC_000913.3	3514026	0.75	3
NC_000913.3	3514033	0.75	3
NC_000913.3	3514038	0.75	3
NC_000913.3	3514044	1	2
NC_000913.3	3514048	0.5	3
NC_000913.3	3514060	0.5	3
NC_000913.3	3514071	0.75	3
NC_000913.3	3514080	0.75	3
NC_000913.3	3514091	0.75	3
NC_000913.3	3514095	0.75	3
NC_000913.3	3514106	0.5	3
NC_000913.3	3514115	0.75	3
NC_000913.3	3514132	0.75	3
NC_000913.3	3514153	0.75	3
NC_000913.3	3514172	0.75	3
NC_000913.3	3514180	0.75	3
NC_000913.3	3514184	0.75	3
NC_000913.3	3514193	0.25	3
NC_000913.3	3514195	0.75	3
NC_000913.3	3514209	1	2
NC_000913.3	3514211	1	2
NC_000913.3	3514230	0.75	3
NC_000913.3	3514233	0.75	3
NC_000913.3	3514254	0.25	3
NC_000913.3	3514256	0.75	3
NC_000913.3	3514269	0.75	3
NC_000913.3	3514272	0.25	3
NC_000913.3	3514285	0.75	3
NC_000913.3	3514294	0.75	3
NC_000913.3	3514306	0.75	3
NC_000913.3	3514332	0.75	3
NC_000913.3	3514339	0.75	3
NC_000913.3	3514359	0.75	3
NC_000913.3	3514362	0.25	3
NC_000913.3	3514365	0.25	3
NC_000913.3	3514367	0.25	3
NC_000913.3	3514413	0.75	3
NC_000913.3	3514450	0.25	3
NC_000913.3	3514460	0.75	3
NC_000913.3	3514465	0.75	3
NC_000913.3	3514468	0.75	3
NC_000913.3	3514481	0.25	3
NC_000913.3	3514483	0.25	3
NC_000913.3	3514487	0.25	3
NC_000913.3	3514490	0.75	3
NC_000913.3	3514495	0.75	3
NC_000913.3	3514501	0.75	3
NC_000913.3	3514522	1	2
NC_000913.3	3514528	0.75	3
NC_000913.3	3514542	0.75	3
NC_000913.3	3514561	0.75	3
NC_000913.3	3514564	0.75	3
NC_000913.3	3514569	0.75	3
NC_000913.3	3514572	0.75	3
NC_000913.3	3514575	0.75	3
NC_000913.3	3514582	0.75	3
NC_000913.3	3514584	0.75	3
NC_000913.3	3514621	0.25	3
NC_000913.3	3514624	0.25	3
NC_000913.3	3514639	0.5	2
NC_000913.3	3514754	0.5	2
NC_000913.3	3514758	0.5	2
NC_000913.3	3514810	0.5	2
NC_000913.3	3514816	0.5	2
NC_000913.3	3514833	0.5	2
NC_000913.3	3514861	0.5	2
NC_000913.3	3514864	0.5	2
NC_000913.3	3514873	0.5	2
NC_000913.3	3514919	1	1
NC_000913.3	3514951	0.5	2
NC_000913.3	3514963	0.5	2
NC_000913.3	3514972	0.5	2
NC_000913.3	3514993	0.5	2
NC_000913.3	3515010	0.5	2
NC_000913.3	3515024	0.5	2
NC_000913.3	3515127	0.5	2
NC_000913.3	3515141	0.5	2
NC_000913.3	3515168	0.5	2
NC_000913.3	3515196	0.5	2
NC_000913.3	3515198	0.5	2
NC_000913.3	3515229	0.5	2
NC_000913.3	3515368	1	1
NC_000913.3	3515400	1	1
NC_000913.3	3515402	1	1
NC_000913.3	3515404	1	1
NC_000913.3	3515482	1	1
NC_000913.3	3515508	1	1
NC_000913.3	3515512	1	1
NC_000913.3	3515529	1	1
NC_000913.3	3515531	1	1
NC_000913.3	3515543	1	1
NC_000913.3	3515567	1	1
NC_000913.3	3515590	1	1
NC_000913.3	3496716	0	1
NC_000913.3	3496718	0	1
NC_000913.3	3496729	0	1
NC_000913.3	3496762	0	1
NC_000913.3	3496782	0	1
NC_000913.3	3496811	0	1
NC_000913.3	3496823	0	1
NC_000913.3	3496835	0	1
NC_000913.3	3496842	0	1
NC_000913.3	3496853	0	1
NC_000913.3	3496871	0	1
NC_000913.3	3496893	0	1
NC_000913.3	3496933	0	1
NC_000913.3	3497031	0	1
NC_000913.3	3497038	0	1
NC_000913.3	3497043	0	1
NC_000913.3	3497073	0	1
NC_000913.3	3497095	0	1
NC_000913.3	3497142	0	1
NC_000913.3	3497146	0	1
NC_000913.3	3497158	0	1
NC_000913.3	3497167	0	2
NC_000913.3	3497171	0	2
NC_000913.3	3497211	0	2
NC_000913.3	3497224	0	2
NC_000913.3	3497350	0	2
NC_000913.3	3497514	0	2
NC_000913.3	3497575	0	2
NC_000913.3	3497581	0	2
NC_000913.3	3497587	0	2
NC_000913.3	3497599	0	2
NC_000913.3	3497610	0	2
NC_000913.3	3497632	0	1
NC_000913.3	3497748	0	2
NC_000913.3	3497751	0	1
NC_000913.3	3497757	0	2
NC_000913.3	3497766	0	2
NC_000913.3	3497796	0	2
NC_000913.3	3497827	0	1
NC_000913.3	3497858	0	2
NC_000913.3	3497860	0	2
NC_000913.3	3497896	0	1
NC_000913.3	3497936	0	2
NC_000913.3	3497977	0	2
NC_000913.3	3498076	0	2
NC_000913.3	3498078	0	2
NC_000913.3	3498130	0	1
NC_000913.3	3498144	0	2
NC_000913.3	3498171	0	2
NC_000913.3	3498182	0	1
NC_000913.3	3498189	0	2
NC_000913.3	3498201	0	2
NC_000913.3	3498225	0	2
NC_000913.3	3498245	0	1
NC_000913.3	3498247	0	1
NC_000913.3	3498270	0	2
NC_000913.3	3498291	0	2
NC_000913.3	3498298	0	1
NC_000913.3	3498301	0	2
NC_000913.3	3498311	0	1
NC_000913.3	3498339	0	2
NC_000913.3	3498353	0	2
NC_000913.3	3498356	0	2
NC_000913.3	3498399	0	2
NC_000913.3	3498459	0	1
NC_000913.3	3498470	0	1
NC_000913.3	3498472	0	2
NC_000913.3	3498501	0	2
NC_000913.3	3498572	0	2
NC_000913.3	3498628	0	2
NC_000913.3	3498638	0	1
NC_000913.3	3498642	0	2
NC_000913.3	3498719	0	2
NC_000913.3	3498733	0	2
NC_000913.3	3498738	0	2
NC_000913.3	3498760	0	2
NC_000913.3	3498786	0	1
NC_000913.3	3498801	0	2
NC_000913.3	3498810	0	1
NC_000913.3	3498820	0	2
NC_000913.3	3498846	0	2
NC_000913.3	3498866	0	1
NC_000913.3	3498883	0	2
NC_000913.3	3498887	0	2
NC_000913.3	3498913	0	2
NC_000913.3	3498919	0	2
NC_000913.3	3498990	0	2
NC_000913.3	3499038	0	2
NC_000913.3	3499051	0	2
NC_000913.3	3499057	0	2
NC_000913.3	3499071	0	2
NC_000913.3	3499087	0	2
NC_000913.3	3499154	0	1
NC_000913.3	3499169	0	2
NC_000913.3	3499171	0	2
NC_000913.3	3499209	0	2
NC_000913.3	3499310	0	2
NC_000913.3	3499350	0	2
NC_000913.3	3499372	0	2
NC_000913.3	3514140	0	3
NC_000913.3	3514149	0	3
NC_000913.3	3514471	0	3
NC_000913.3	3514675	0	2
NC_000913.3	3514703	0	1
NC_000913.3	3514721	0	2
NC_000913.3	3514771	0	2
NC_000913.3	3514837	0	2
NC_000913.3	3514840	0	2
NC_000913.3	3514890	0	2
NC_000913.3	3515061	0	2
NC_000913.3	3515086	0	2
NC_000913.3	3515088	0	2
NC_000913.3	3515097	0	2
NC_000913.3	3515148	0	2
NC_000913.3	3515151	0	2
NC_000913.3	3515171	0	2
NC_000913.3	3515181	0	2
NC_000913.3	3515213	0	2
NC_000913.3	3515215	0	2
NC_000913.3	3515224	0	2
NC_000913.3	3515258	0	1
NC_000913.3	3515274	0	1
NC_000913.3	3515277	0	1
NC_000913.3	3515284	0	1
NC_000913.3	3515293	0	1
NC_000913.3	3515308	0	1
NC_000913.3	3515329	0	1
NC_000913.3	3515343	0	1
NC_000913.3	3515347	0	1
NC_000913.3	3515373	0	1
NC_000913.3	3515382	0	1
NC_000913.3	3515385	0	1
NC_000913.3	3515415	0	1
NC_000913.3	3515418	0	1
NC_000913.3	3515449	0	1
NC_000913.3	3515460	0	1
NC_000913.3	3515504	0	1
NC_000913.3	3515517	0	1
NC_000913.3	3515553	0	1
NC_000913.3	3515562	0	1
NC_000913.3	3515594	0	1
NC_000913.3	3515597	0	1
NC_000913.3	3515602	0	1
NC_000913.3	3515628	0	1
NC_000913.3	3515630	0	1
NC_000913.3	3515649	0	1
NC_000913.3	3515652	0	1
NC_000913.3	3515664	0	1
