Pos	Unmodified_read	Modified_read	Coverage	Methylation_frequency
3499631	1	0	1	0.0
3499708	1	0	1	0.0
3499779	1	0	1	0.0
3499906	1	0	1	0.0
3499939	1	0	1	0.0
3499951	1	0	1	0.0
3500034	2	0	2	0.0
3500043	1	1	2	0.5
3500052	1	1	2	0.5
3500100	1	2	3	0.6666666666666666
3500113	2	1	3	0.3333333333333333
3500131	1	2	3	0.6666666666666666
3500158	2	1	3	0.3333333333333333
3500185	2	1	3	0.3333333333333333
3500299	1	2	3	0.6666666666666666
3500302	1	2	3	0.6666666666666666
3500305	1	2	3	0.6666666666666666
3500339	1	2	3	0.6666666666666666
3500344	1	2	3	0.6666666666666666
3500370	2	1	3	0.3333333333333333
3500383	2	1	3	0.3333333333333333
3500397	1	2	3	0.6666666666666666
3500452	1	2	3	0.6666666666666666
3500481	2	1	3	0.3333333333333333
3500563	1	3	4	0.75
3500566	1	3	4	0.75
3500581	4	0	4	0.0
3500597	1	3	4	0.75
3500601	1	3	4	0.75
3500649	2	2	4	0.5
3500662	2	2	4	0.5
3500677	1	3	4	0.75
3500686	2	2	4	0.5
3500700	1	3	4	0.75
3500710	2	2	4	0.5
3500713	2	2	4	0.5
3500731	1	3	4	0.75
3500737	1	3	4	0.75
3500746	3	1	4	0.25
3500806	1	3	4	0.75
3500820	2	2	4	0.5
3500822	1	3	4	0.75
3500833	1	3	4	0.75
3500869	2	2	4	0.5
3500883	2	2	4	0.5
3500925	2	2	4	0.5
3500947	1	3	4	0.75
3500953	1	3	4	0.75
3501016	1	3	4	0.75
3501035	1	3	4	0.75
3501041	2	2	4	0.5
3501043	1	3	4	0.75
3501046	1	3	4	0.75
3501057	2	2	4	0.5
3501065	2	2	4	0.5
3501072	1	3	4	0.75
3501079	2	2	4	0.5
3501097	2	2	4	0.5
3501105	1	3	4	0.75
3501147	2	3	5	0.6
3501154	2	3	5	0.6
3501202	1	4	5	0.8
3501213	1	4	5	0.8
3501218	2	3	5	0.6
3501224	1	4	5	0.8
3501235	2	3	5	0.6
3501291	4	1	5	0.2
3501309	1	4	5	0.8
3501351	1	4	5	0.8
3501356	2	3	5	0.6
3501366	2	3	5	0.6
3501372	1	4	5	0.8
3501391	3	2	5	0.4
3501393	1	4	5	0.8
3501403	1	4	5	0.8
3501414	1	4	5	0.8
3501428	1	4	5	0.8
3501438	1	4	5	0.8
3501440	1	4	5	0.8
3501443	1	4	5	0.8
3501449	1	4	5	0.8
3501452	1	4	5	0.8
3501477	2	3	5	0.6
3501492	1	4	5	0.8
3501501	2	3	5	0.6
3501516	1	4	5	0.8
3501527	1	4	5	0.8
3501561	4	2	6	0.3333333333333333
3501573	3	3	6	0.5
3501582	3	3	6	0.5
3501613	5	1	6	0.16666666666666666
3501621	1	5	6	0.8333333333333334
3501624	1	5	6	0.8333333333333334
3501638	1	6	7	0.8571428571428571
3501649	3	4	7	0.5714285714285714
3501651	4	3	7	0.42857142857142855
3501653	4	3	7	0.42857142857142855
3501662	4	3	7	0.42857142857142855
3501671	2	5	7	0.7142857142857143
3501674	1	6	7	0.8571428571428571
3501677	2	5	7	0.7142857142857143
3501702	5	3	8	0.375
3501741	1	8	9	0.8888888888888888
3501763	1	8	9	0.8888888888888888
3501768	5	4	9	0.4444444444444444
3501770	5	4	9	0.4444444444444444
3501773	3	6	9	0.6666666666666666
3501777	3	6	9	0.6666666666666666
3501779	3	6	9	0.6666666666666666
3501786	3	6	9	0.6666666666666666
3501801	6	3	9	0.3333333333333333
3501818	1	8	9	0.8888888888888888
3501841	3	6	9	0.6666666666666666
3501862	3	6	9	0.6666666666666666
3501906	5	4	9	0.4444444444444444
3501914	6	3	9	0.3333333333333333
3501920	4	5	9	0.5555555555555556
3501925	2	7	9	0.7777777777777778
3501956	5	4	9	0.4444444444444444
3501977	1	8	9	0.8888888888888888
3501981	1	8	9	0.8888888888888888
3501987	1	8	9	0.8888888888888888
3501999	2	7	9	0.7777777777777778
3502009	4	5	9	0.5555555555555556
3502019	4	5	9	0.5555555555555556
3502032	1	8	9	0.8888888888888888
3502041	1	8	9	0.8888888888888888
3502046	3	6	9	0.6666666666666666
3502062	3	6	9	0.6666666666666666
3502078	4	5	9	0.5555555555555556
3502089	3	6	9	0.6666666666666666
3502093	3	6	9	0.6666666666666666
3502095	2	7	9	0.7777777777777778
3502117	2	7	9	0.7777777777777778
3502128	3	6	9	0.6666666666666666
3502157	5	4	9	0.4444444444444444
3502172	9	1	10	0.1
3502184	7	3	10	0.3
3502197	6	5	11	0.45454545454545453
3502250	8	3	11	0.2727272727272727
3502258	2	9	11	0.8181818181818182
3502261	1	10	11	0.9090909090909091
3502269	4	7	11	0.6363636363636364
3502300	11	0	11	0.0
3502305	10	1	11	0.09090909090909091
3502311	9	2	11	0.18181818181818182
3502316	9	2	11	0.18181818181818182
3502324	9	2	11	0.18181818181818182
3502338	7	4	11	0.36363636363636365
3502363	5	6	11	0.5454545454545454
3502373	4	7	11	0.6363636363636364
3502390	3	8	11	0.7272727272727273
3502397	4	7	11	0.6363636363636364
3502408	3	8	11	0.7272727272727273
3502420	1	10	11	0.9090909090909091
3502423	1	10	11	0.9090909090909091
3502429	2	9	11	0.8181818181818182
3502441	1	10	11	0.9090909090909091
3502449	1	10	11	0.9090909090909091
3502453	2	9	11	0.8181818181818182
3502455	3	8	11	0.7272727272727273
3502459	1	10	11	0.9090909090909091
3502461	1	10	11	0.9090909090909091
3502464	1	10	11	0.9090909090909091
3502476	5	6	11	0.5454545454545454
3502480	3	8	11	0.7272727272727273
3502500	3	8	11	0.7272727272727273
3502506	2	9	11	0.8181818181818182
3502512	3	8	11	0.7272727272727273
3502524	1	10	11	0.9090909090909091
3502531	1	10	11	0.9090909090909091
3502539	4	7	11	0.6363636363636364
3502552	5	6	11	0.5454545454545454
3502560	1	10	11	0.9090909090909091
3502579	1	10	11	0.9090909090909091
3502592	2	9	11	0.8181818181818182
3502595	4	7	11	0.6363636363636364
3502597	3	8	11	0.7272727272727273
3502606	5	6	11	0.5454545454545454
3502623	2	9	11	0.8181818181818182
3502648	4	7	11	0.6363636363636364
3502650	4	7	11	0.6363636363636364
3502659	3	8	11	0.7272727272727273
3502669	5	6	11	0.5454545454545454
3502671	4	7	11	0.6363636363636364
3502678	7	4	11	0.36363636363636365
3502680	6	5	11	0.45454545454545453
3502692	4	7	11	0.6363636363636364
3502715	9	2	11	0.18181818181818182
3502735	2	9	11	0.8181818181818182
3502750	6	5	11	0.45454545454545453
3502752	5	6	11	0.5454545454545454
3502762	3	8	11	0.7272727272727273
3502780	7	4	11	0.36363636363636365
3502785	4	7	11	0.6363636363636364
3502791	2	9	11	0.8181818181818182
3502794	1	10	11	0.9090909090909091
3502803	4	7	11	0.6363636363636364
3502807	1	10	11	0.9090909090909091
3502839	1	10	11	0.9090909090909091
3502845	2	9	11	0.8181818181818182
3502857	2	9	11	0.8181818181818182
3502860	5	6	11	0.5454545454545454
3502879	7	4	11	0.36363636363636365
3502888	2	9	11	0.8181818181818182
3502890	3	8	11	0.7272727272727273
3502893	1	10	11	0.9090909090909091
3502905	3	8	11	0.7272727272727273
3502911	4	7	11	0.6363636363636364
3502927	2	9	11	0.8181818181818182
3502939	1	10	11	0.9090909090909091
3502949	5	6	11	0.5454545454545454
3502966	2	9	11	0.8181818181818182
3502972	2	9	11	0.8181818181818182
3502975	2	9	11	0.8181818181818182
3502984	2	9	11	0.8181818181818182
3502989	2	9	11	0.8181818181818182
3503019	3	8	11	0.7272727272727273
3503024	4	7	11	0.6363636363636364
3503036	2	9	11	0.8181818181818182
3503038	1	10	11	0.9090909090909091
3503051	4	7	11	0.6363636363636364
3503073	1	10	11	0.9090909090909091
3503088	2	9	11	0.8181818181818182
3503101	6	5	11	0.45454545454545453
3503120	2	9	11	0.8181818181818182
3503127	2	9	11	0.8181818181818182
3503135	1	10	11	0.9090909090909091
3503141	4	7	11	0.6363636363636364
3503143	3	8	11	0.7272727272727273
3503145	5	6	11	0.5454545454545454
3503154	6	5	11	0.45454545454545453
3503180	1	10	11	0.9090909090909091
3503190	1	10	11	0.9090909090909091
3503199	1	10	11	0.9090909090909091
3503202	1	10	11	0.9090909090909091
3503213	5	6	11	0.5454545454545454
3503228	8	3	11	0.2727272727272727
3503238	3	8	11	0.7272727272727273
3503246	1	10	11	0.9090909090909091
3503258	3	8	11	0.7272727272727273
3503272	2	9	11	0.8181818181818182
3503277	2	9	11	0.8181818181818182
3503288	9	2	11	0.18181818181818182
3503313	3	8	11	0.7272727272727273
3503322	2	9	11	0.8181818181818182
3503361	1	10	11	0.9090909090909091
3503381	2	9	11	0.8181818181818182
3503388	2	9	11	0.8181818181818182
3503391	1	10	11	0.9090909090909091
3503397	2	10	12	0.8333333333333334
3503421	7	5	12	0.4166666666666667
3503431	2	10	12	0.8333333333333334
3503433	3	9	12	0.75
3503442	8	4	12	0.3333333333333333
3503451	7	5	12	0.4166666666666667
3503457	5	7	12	0.5833333333333334
3503466	4	8	12	0.6666666666666666
3503493	2	10	12	0.8333333333333334
3503504	3	9	12	0.75
3503523	4	8	12	0.6666666666666666
3503525	3	9	12	0.75
3503543	2	11	13	0.8461538461538461
3503550	3	10	13	0.7692307692307693
3503568	8	5	13	0.38461538461538464
3503573	8	5	13	0.38461538461538464
3503586	3	10	13	0.7692307692307693
3503592	4	9	13	0.6923076923076923
3503601	7	6	13	0.46153846153846156
3503618	7	6	13	0.46153846153846156
3503639	4	9	13	0.6923076923076923
3503646	3	10	13	0.7692307692307693
3503664	7	6	13	0.46153846153846156
3503669	5	8	13	0.6153846153846154
3503679	2	11	13	0.8461538461538461
3503684	2	11	13	0.8461538461538461
3503689	3	10	13	0.7692307692307693
3503705	5	8	13	0.6153846153846154
3503716	7	6	13	0.46153846153846156
3503721	6	7	13	0.5384615384615384
3503741	6	7	13	0.5384615384615384
3503754	7	6	13	0.46153846153846156
3503775	6	7	13	0.5384615384615384
3503777	6	7	13	0.5384615384615384
3503788	4	9	13	0.6923076923076923
3503804	2	11	13	0.8461538461538461
3503810	2	11	13	0.8461538461538461
3503817	2	11	13	0.8461538461538461
3503832	4	9	13	0.6923076923076923
3503840	6	7	13	0.5384615384615384
3503850	8	5	13	0.38461538461538464
3503862	6	7	13	0.5384615384615384
3503873	5	8	13	0.6153846153846154
3503888	1	12	13	0.9230769230769231
3503894	1	12	13	0.9230769230769231
3503900	3	10	13	0.7692307692307693
3503909	7	6	13	0.46153846153846156
3503912	6	7	13	0.5384615384615384
3503916	6	7	13	0.5384615384615384
3503918	5	8	13	0.6153846153846154
3503921	5	8	13	0.6153846153846154
3503940	9	4	13	0.3076923076923077
3503959	1	12	13	0.9230769230769231
3503965	1	12	13	0.9230769230769231
3503979	3	10	13	0.7692307692307693
3503985	3	10	13	0.7692307692307693
3504000	6	7	13	0.5384615384615384
3504007	10	3	13	0.23076923076923078
3504020	8	5	13	0.38461538461538464
3504047	5	8	13	0.6153846153846154
3504062	6	7	13	0.5384615384615384
3504067	7	6	13	0.46153846153846156
3504090	2	11	13	0.8461538461538461
3504096	1	12	13	0.9230769230769231
3504100	3	10	13	0.7692307692307693
3504106	5	8	13	0.6153846153846154
3504123	7	6	13	0.46153846153846156
3504125	6	7	13	0.5384615384615384
3504144	7	6	13	0.46153846153846156
3504162	4	9	13	0.6923076923076923
3504168	7	6	13	0.46153846153846156
3504189	3	10	13	0.7692307692307693
3504196	3	10	13	0.7692307692307693
3504208	6	7	13	0.5384615384615384
3504222	4	9	13	0.6923076923076923
3504237	6	7	13	0.5384615384615384
3504240	4	9	13	0.6923076923076923
3504250	8	5	13	0.38461538461538464
3504297	8	5	13	0.38461538461538464
3504324	5	8	13	0.6153846153846154
3504333	2	11	13	0.8461538461538461
3504350	3	10	13	0.7692307692307693
3504353	2	11	13	0.8461538461538461
3504369	2	11	13	0.8461538461538461
3504379	6	7	13	0.5384615384615384
3504387	5	8	13	0.6153846153846154
3504390	2	11	13	0.8461538461538461
3504392	1	12	13	0.9230769230769231
3504395	3	10	13	0.7692307692307693
3504402	5	8	13	0.6153846153846154
3504420	10	3	13	0.23076923076923078
3504429	5	8	13	0.6153846153846154
3504448	11	3	14	0.21428571428571427
3504462	7	7	14	0.5
3504473	4	10	14	0.7142857142857143
3504500	3	11	14	0.7857142857142857
3504506	7	7	14	0.5
3504508	6	8	14	0.5714285714285714
3504534	1	13	14	0.9285714285714286
3504537	3	11	14	0.7857142857142857
3504571	5	9	14	0.6428571428571429
3504581	8	6	14	0.42857142857142855
3504583	7	7	14	0.5
3504594	4	10	14	0.7142857142857143
3504609	5	9	14	0.6428571428571429
3504621	7	7	14	0.5
3504628	7	7	14	0.5
3504632	6	8	14	0.5714285714285714
3504654	2	12	14	0.8571428571428571
3504663	2	12	14	0.8571428571428571
3504668	2	12	14	0.8571428571428571
3504676	3	11	14	0.7857142857142857
3504690	7	7	14	0.5
3504713	8	6	14	0.42857142857142855
3504720	7	7	14	0.5
3504726	7	7	14	0.5
3504739	6	9	15	0.6
3504741	6	9	15	0.6
3504748	3	12	15	0.8
3504785	3	12	15	0.8
3504792	8	7	15	0.4666666666666667
3504803	1	14	15	0.9333333333333333
3504812	2	13	15	0.8666666666666667
3504818	4	11	15	0.7333333333333333
3504821	10	5	15	0.3333333333333333
3504830	3	12	15	0.8
3504832	2	13	15	0.8666666666666667
3504849	3	12	15	0.8
3504853	4	11	15	0.7333333333333333
3504887	11	4	15	0.26666666666666666
3504896	8	7	15	0.4666666666666667
3504905	7	8	15	0.5333333333333333
3504920	7	8	15	0.5333333333333333
3504957	6	9	15	0.6
3504966	8	8	16	0.5
3504974	2	14	16	0.875
3504985	6	10	16	0.625
3504990	4	12	16	0.75
3504995	8	8	16	0.5
3505005	1	15	16	0.9375
3505010	1	15	16	0.9375
3505034	4	12	16	0.75
3505041	4	12	16	0.75
3505046	13	3	16	0.1875
3505051	11	5	16	0.3125
3505059	4	12	16	0.75
3505070	2	14	16	0.875
3505073	3	13	16	0.8125
3505088	7	9	16	0.5625
3505103	15	1	16	0.0625
3505120	6	10	16	0.625
3505122	6	10	16	0.625
3505130	4	12	16	0.75
3505150	5	11	16	0.6875
3505157	5	11	16	0.6875
3505171	8	9	17	0.5294117647058824
3505187	5	12	17	0.7058823529411765
3505193	2	15	17	0.8823529411764706
3505208	5	12	17	0.7058823529411765
3505210	5	12	17	0.7058823529411765
3505223	11	6	17	0.35294117647058826
3505229	5	12	17	0.7058823529411765
3505237	8	9	17	0.5294117647058824
3505257	8	9	17	0.5294117647058824
3505280	14	3	17	0.17647058823529413
3505282	14	3	17	0.17647058823529413
3505295	5	12	17	0.7058823529411765
3505311	8	9	17	0.5294117647058824
3505325	7	10	17	0.5882352941176471
3505333	6	11	17	0.6470588235294118
3505351	10	7	17	0.4117647058823529
3505354	12	5	17	0.29411764705882354
3505364	6	11	17	0.6470588235294118
3505369	2	15	17	0.8823529411764706
3505371	2	15	17	0.8823529411764706
3505377	1	16	17	0.9411764705882353
3505396	5	12	17	0.7058823529411765
3505399	6	11	17	0.6470588235294118
3505451	10	7	17	0.4117647058823529
3505460	8	9	17	0.5294117647058824
3505462	7	10	17	0.5882352941176471
3505465	8	9	17	0.5294117647058824
3505477	3	14	17	0.8235294117647058
3505482	4	13	17	0.7647058823529411
3505499	2	15	17	0.8823529411764706
3505513	5	12	17	0.7058823529411765
3505520	5	12	17	0.7058823529411765
3505535	4	13	17	0.7647058823529411
3505537	7	10	17	0.5882352941176471
3505539	5	12	17	0.7058823529411765
3505544	10	7	17	0.4117647058823529
3505567	8	9	17	0.5294117647058824
3505580	6	11	17	0.6470588235294118
3505590	5	12	17	0.7058823529411765
3505592	4	13	17	0.7647058823529411
3505607	4	13	17	0.7647058823529411
3505610	3	14	17	0.8235294117647058
3505616	6	11	17	0.6470588235294118
3505627	1	16	17	0.9411764705882353
3505630	2	15	17	0.8823529411764706
3505633	3	14	17	0.8235294117647058
3505649	6	11	17	0.6470588235294118
3505679	8	9	17	0.5294117647058824
3505707	5	12	17	0.7058823529411765
3505712	4	13	17	0.7647058823529411
3505715	5	12	17	0.7058823529411765
3505727	4	13	17	0.7647058823529411
3505729	4	13	17	0.7647058823529411
3505746	8	9	17	0.5294117647058824
3505754	14	3	17	0.17647058823529413
3505769	7	11	18	0.6111111111111112
3505777	9	9	18	0.5
3505780	11	7	18	0.3888888888888889
3505782	7	11	18	0.6111111111111112
3505787	4	14	18	0.7777777777777778
3505789	5	13	18	0.7222222222222222
3505799	8	10	18	0.5555555555555556
3505801	5	13	18	0.7222222222222222
3505814	9	9	18	0.5
3505817	6	12	18	0.6666666666666666
3505828	11	7	18	0.3888888888888889
3505860	10	8	18	0.4444444444444444
3505870	10	8	18	0.4444444444444444
3505872	10	8	18	0.4444444444444444
3505874	10	8	18	0.4444444444444444
3505892	5	13	18	0.7222222222222222
3505909	6	12	18	0.6666666666666666
3505924	10	8	18	0.4444444444444444
3505930	10	8	18	0.4444444444444444
3505941	7	11	18	0.6111111111111112
3505961	3	15	18	0.8333333333333334
3505979	6	12	18	0.6666666666666666
3505991	13	5	18	0.2777777777777778
3506012	16	2	18	0.1111111111111111
3506038	12	6	18	0.3333333333333333
3506043	11	7	18	0.3888888888888889
3506082	8	10	18	0.5555555555555556
3506100	10	7	17	0.4117647058823529
3506104	7	10	17	0.5882352941176471
3506110	6	11	17	0.6470588235294118
3506125	8	9	17	0.5294117647058824
3506129	11	6	17	0.35294117647058826
3506142	9	8	17	0.47058823529411764
3506164	4	13	17	0.7647058823529411
3506166	4	13	17	0.7647058823529411
3506178	14	3	17	0.17647058823529413
3506188	10	7	17	0.4117647058823529
3506205	6	11	17	0.6470588235294118
3506212	6	11	17	0.6470588235294118
3506217	10	7	17	0.4117647058823529
3506227	9	8	17	0.47058823529411764
3506253	5	12	17	0.7058823529411765
3506258	3	14	17	0.8235294117647058
3506269	2	15	17	0.8823529411764706
3506272	2	15	17	0.8823529411764706
3506279	1	16	17	0.9411764705882353
3506284	1	16	17	0.9411764705882353
3506287	4	13	17	0.7647058823529411
3506294	7	10	17	0.5882352941176471
3506310	3	14	17	0.8235294117647058
3506314	2	15	17	0.8823529411764706
3506318	5	12	17	0.7058823529411765
3506335	11	6	17	0.35294117647058826
3506338	9	8	17	0.47058823529411764
3506352	3	14	17	0.8235294117647058
3506362	7	10	17	0.5882352941176471
3506374	8	9	17	0.5294117647058824
3506380	5	12	17	0.7058823529411765
3506383	4	13	17	0.7647058823529411
3506398	2	15	17	0.8823529411764706
3506419	10	7	17	0.4117647058823529
3506437	14	3	17	0.17647058823529413
3506446	7	10	17	0.5882352941176471
3506448	6	11	17	0.6470588235294118
3506464	10	7	17	0.4117647058823529
3506481	8	9	17	0.5294117647058824
3506483	7	10	17	0.5882352941176471
3506503	7	10	17	0.5882352941176471
3506518	6	11	17	0.6470588235294118
3506524	8	9	17	0.5294117647058824
3506533	5	12	17	0.7058823529411765
3506536	3	14	17	0.8235294117647058
3506541	6	11	17	0.6470588235294118
3506547	4	13	17	0.7647058823529411
3506575	7	10	17	0.5882352941176471
3506613	11	6	17	0.35294117647058826
3506616	9	8	17	0.47058823529411764
3506634	9	8	17	0.47058823529411764
3506640	8	9	17	0.5294117647058824
3506666	9	8	17	0.47058823529411764
3506671	7	10	17	0.5882352941176471
3506675	6	11	17	0.6470588235294118
3506689	8	9	17	0.5294117647058824
3506697	11	6	17	0.35294117647058826
3506723	4	13	17	0.7647058823529411
3506729	3	14	17	0.8235294117647058
3506736	7	10	17	0.5882352941176471
3506746	2	15	17	0.8823529411764706
3506748	5	12	17	0.7058823529411765
3506784	3	14	17	0.8235294117647058
3506816	6	11	17	0.6470588235294118
3506820	8	9	17	0.5294117647058824
3506831	10	7	17	0.4117647058823529
3506850	2	15	17	0.8823529411764706
3506853	3	14	17	0.8235294117647058
3506856	2	15	17	0.8823529411764706
3506893	11	6	17	0.35294117647058826
3506902	8	9	17	0.5294117647058824
3506929	3	14	17	0.8235294117647058
3506932	4	13	17	0.7647058823529411
3506968	6	11	17	0.6470588235294118
3506974	8	9	17	0.5294117647058824
3506976	10	7	17	0.4117647058823529
3507021	7	10	17	0.5882352941176471
3507033	13	4	17	0.23529411764705882
3507046	6	11	17	0.6470588235294118
3507064	4	13	17	0.7647058823529411
3507072	4	13	17	0.7647058823529411
3507075	6	11	17	0.6470588235294118
3507084	8	9	17	0.5294117647058824
3507108	3	14	17	0.8235294117647058
3507120	15	2	17	0.11764705882352941
3507148	13	4	17	0.23529411764705882
3507180	8	9	17	0.5294117647058824
3507190	6	11	17	0.6470588235294118
3507195	6	11	17	0.6470588235294118
3507197	5	12	17	0.7058823529411765
3507200	3	14	17	0.8235294117647058
3507226	8	9	17	0.5294117647058824
3507235	8	9	17	0.5294117647058824
3507239	7	10	17	0.5882352941176471
3507246	6	11	17	0.6470588235294118
3507262	3	12	15	0.8
3507265	3	12	15	0.8
3507269	2	13	15	0.8666666666666667
3507274	4	11	15	0.7333333333333333
3507283	3	12	15	0.8
3507295	13	2	15	0.13333333333333333
3507304	3	12	15	0.8
3507312	4	11	15	0.7333333333333333
3507340	13	2	15	0.13333333333333333
3507372	7	8	15	0.5333333333333333
3507378	8	7	15	0.4666666666666667
3507380	4	11	15	0.7333333333333333
3507386	3	12	15	0.8
3507389	5	10	15	0.6666666666666666
3507398	11	4	15	0.26666666666666666
3507411	5	10	15	0.6666666666666666
3507428	7	8	15	0.5333333333333333
3507440	7	8	15	0.5333333333333333
3507449	4	11	15	0.7333333333333333
3507456	1	14	15	0.9333333333333333
3507507	2	13	15	0.8666666666666667
3507509	1	14	15	0.9333333333333333
3507519	3	12	15	0.8
3507528	6	9	15	0.6
3507530	3	12	15	0.8
3507534	5	10	15	0.6666666666666666
3507539	5	10	15	0.6666666666666666
3507554	1	14	15	0.9333333333333333
3507575	15	0	15	0.0
3507594	3	12	15	0.8
3507605	11	4	15	0.26666666666666666
3507639	3	12	15	0.8
3507642	2	13	15	0.8666666666666667
3507670	6	9	15	0.6
3507686	5	9	14	0.6428571428571429
3507740	5	8	13	0.6153846153846154
3507759	3	10	13	0.7692307692307693
3507782	1	12	13	0.9230769230769231
3507790	10	3	13	0.23076923076923078
3507831	7	5	12	0.4166666666666667
3507851	5	7	12	0.5833333333333334
3507854	3	9	12	0.75
3507856	3	9	12	0.75
3507868	1	11	12	0.9166666666666666
3507879	4	8	12	0.6666666666666666
3507881	5	7	12	0.5833333333333334
3507896	5	7	12	0.5833333333333334
3507900	5	7	12	0.5833333333333334
3507902	1	11	12	0.9166666666666666
3507907	1	11	12	0.9166666666666666
3507919	3	8	11	0.7272727272727273
3507926	2	9	11	0.8181818181818182
3507933	2	9	11	0.8181818181818182
3507937	7	4	11	0.36363636363636365
3507957	4	7	11	0.6363636363636364
3507966	4	7	11	0.6363636363636364
3507975	1	10	11	0.9090909090909091
3507984	1	10	11	0.9090909090909091
3507990	1	10	11	0.9090909090909091
3508011	4	6	10	0.6
3508029	1	9	10	0.9
3508041	1	9	10	0.9
3508047	4	6	10	0.6
3508049	4	6	10	0.6
3508051	3	7	10	0.7
3508065	6	4	10	0.4
3508081	1	9	10	0.9
3508102	5	5	10	0.5
3508120	1	9	10	0.9
3508129	4	6	10	0.6
3508133	1	9	10	0.9
3508137	3	7	10	0.7
3508150	1	9	10	0.9
3508156	1	9	10	0.9
3508161	1	9	10	0.9
3508186	1	9	10	0.9
3508189	1	9	10	0.9
3508203	3	7	10	0.7
3508212	1	9	10	0.9
3508219	2	8	10	0.8
3508221	1	9	10	0.9
3508230	7	3	10	0.3
3508243	8	2	10	0.2
3508251	1	9	10	0.9
3508272	5	5	10	0.5
3508285	3	7	10	0.7
3508299	5	5	10	0.5
3508304	4	6	10	0.6
3508309	4	6	10	0.6
3508321	6	4	10	0.4
3508330	4	6	10	0.6
3508332	3	7	10	0.7
3508347	8	2	10	0.2
3508362	9	1	10	0.1
3508372	2	8	10	0.8
3508377	3	7	10	0.7
3508379	3	7	10	0.7
3508402	7	3	10	0.3
3508409	5	5	10	0.5
3508421	4	6	10	0.6
3508445	2	8	10	0.8
3508449	2	8	10	0.8
3508454	2	8	10	0.8
3508467	8	2	10	0.2
3508489	3	7	10	0.7
3508505	1	8	9	0.8888888888888888
3508515	7	2	9	0.2222222222222222
3508530	7	2	9	0.2222222222222222
3508560	3	6	9	0.6666666666666666
3508573	4	5	9	0.5555555555555556
3508576	5	4	9	0.4444444444444444
3508609	9	0	9	0.0
3508630	2	7	9	0.7777777777777778
3508644	2	7	9	0.7777777777777778
3508650	5	4	9	0.4444444444444444
3508652	5	4	9	0.4444444444444444
3508654	4	5	9	0.5555555555555556
3508670	6	3	9	0.3333333333333333
3508699	1	8	9	0.8888888888888888
3508706	1	8	9	0.8888888888888888
3508785	4	5	9	0.5555555555555556
3508790	2	7	9	0.7777777777777778
3508796	4	5	9	0.5555555555555556
3508803	3	6	9	0.6666666666666666
3508811	4	5	9	0.5555555555555556
3508836	1	8	9	0.8888888888888888
3508849	8	1	9	0.1111111111111111
3508861	1	8	9	0.8888888888888888
3508868	5	4	9	0.4444444444444444
3508879	4	4	8	0.5
3508895	2	6	8	0.75
3508898	2	6	8	0.75
3508916	2	6	8	0.75
3508922	1	7	8	0.875
3508950	2	6	8	0.75
3508953	2	6	8	0.75
3508956	2	6	8	0.75
3508973	6	2	8	0.25
3508996	2	6	8	0.75
3509027	3	5	8	0.625
3509045	1	7	8	0.875
3509072	6	2	8	0.25
3509123	1	7	8	0.875
3509126	1	7	8	0.875
3509144	5	3	8	0.375
3509156	6	2	8	0.25
3509168	2	5	7	0.7142857142857143
3509176	2	5	7	0.7142857142857143
3509178	1	6	7	0.8571428571428571
3509181	1	6	7	0.8571428571428571
3509200	3	4	7	0.5714285714285714
3509233	2	5	7	0.7142857142857143
3509243	1	6	7	0.8571428571428571
3509272	4	3	7	0.42857142857142855
3509276	3	4	7	0.5714285714285714
3509293	2	5	7	0.7142857142857143
3509297	1	6	7	0.8571428571428571
3509348	2	5	7	0.7142857142857143
3509376	1	5	6	0.8333333333333334
3509381	1	5	6	0.8333333333333334
3509390	1	5	6	0.8333333333333334
3509462	3	2	5	0.4
3509485	3	2	5	0.4
3509498	1	4	5	0.8
3509500	1	4	5	0.8
3509512	1	4	5	0.8
3509517	1	4	5	0.8
3509520	2	3	5	0.6
3509526	2	3	5	0.6
3509530	1	4	5	0.8
3509532	1	4	5	0.8
3509567	4	1	5	0.2
3509594	2	3	5	0.6
3509606	1	4	5	0.8
3509616	2	3	5	0.6
3509627	2	3	5	0.6
3509634	2	3	5	0.6
3509648	2	3	5	0.6
3509664	1	4	5	0.8
3509673	2	3	5	0.6
3509724	1	3	4	0.75
3509739	1	3	4	0.75
3509743	1	3	4	0.75
3509774	1	3	4	0.75
3509806	2	2	4	0.5
3509808	2	2	4	0.5
3509816	2	2	4	0.5
3509847	2	1	3	0.3333333333333333
3509851	2	1	3	0.3333333333333333
3509854	2	1	3	0.3333333333333333
3509861	1	2	3	0.6666666666666666
3509866	2	1	3	0.3333333333333333
3509871	3	0	3	0.0
3509881	1	2	3	0.6666666666666666
3509899	1	2	3	0.6666666666666666
3509904	1	2	3	0.6666666666666666
3509921	1	2	3	0.6666666666666666
3509925	1	2	3	0.6666666666666666
3509954	2	1	3	0.3333333333333333
3509962	2	1	3	0.3333333333333333
3509972	3	0	3	0.0
3509986	1	2	3	0.6666666666666666
3510044	2	1	3	0.3333333333333333
3510056	2	1	3	0.3333333333333333
3510075	1	2	3	0.6666666666666666
3510078	1	2	3	0.6666666666666666
3510088	1	2	3	0.6666666666666666
3510091	1	2	3	0.6666666666666666
3510094	1	2	3	0.6666666666666666
3510109	1	2	3	0.6666666666666666
3510114	2	1	3	0.3333333333333333
3510197	1	2	3	0.6666666666666666
3510211	1	2	3	0.6666666666666666
3510217	1	2	3	0.6666666666666666
3510254	2	1	3	0.3333333333333333
3510269	1	2	3	0.6666666666666666
3510278	2	1	3	0.3333333333333333
3510280	1	2	3	0.6666666666666666
3510324	3	0	3	0.0
3510338	3	0	3	0.0
3510350	1	2	3	0.6666666666666666
3510370	3	0	3	0.0
3510412	2	1	3	0.3333333333333333
3510445	2	1	3	0.3333333333333333
3510448	3	0	3	0.0
3510458	3	0	3	0.0
3510481	1	2	3	0.6666666666666666
3510494	3	0	3	0.0
3510546	2	1	3	0.3333333333333333
3510550	3	0	3	0.0
3510560	3	0	3	0.0
3510563	2	1	3	0.3333333333333333
3510566	2	1	3	0.3333333333333333
3510579	3	0	3	0.0
3510581	1	2	3	0.6666666666666666
3510589	1	2	3	0.6666666666666666
3510601	2	1	3	0.3333333333333333
3510613	1	2	3	0.6666666666666666
3510628	2	1	3	0.3333333333333333
3510631	2	1	3	0.3333333333333333
3510677	1	2	3	0.6666666666666666
3510696	1	2	3	0.6666666666666666
3510699	1	2	3	0.6666666666666666
3510708	1	2	3	0.6666666666666666
3510710	1	2	3	0.6666666666666666
3510728	1	2	3	0.6666666666666666
3510767	3	0	3	0.0
3510776	1	2	3	0.6666666666666666
3510783	2	1	3	0.3333333333333333
3510820	2	1	3	0.3333333333333333
3510828	1	2	3	0.6666666666666666
3510830	1	2	3	0.6666666666666666
3510833	1	2	3	0.6666666666666666
3510846	1	2	3	0.6666666666666666
3510853	3	0	3	0.0
3510874	2	1	3	0.3333333333333333
3510877	2	1	3	0.3333333333333333
3510893	1	2	3	0.6666666666666666
3510954	2	1	3	0.3333333333333333
3510987	3	0	3	0.0
3511052	1	2	3	0.6666666666666666
3511071	3	0	3	0.0
3511126	3	0	3	0.0
3511143	3	0	3	0.0
3511179	1	2	3	0.6666666666666666
3511221	3	0	3	0.0
3511231	3	0	3	0.0
3511250	2	1	3	0.3333333333333333
3511253	1	2	3	0.6666666666666666
3511273	1	2	3	0.6666666666666666
3511288	1	2	3	0.6666666666666666
3511294	1	2	3	0.6666666666666666
3511315	1	2	3	0.6666666666666666
3511386	2	1	3	0.3333333333333333
3511436	2	1	3	0.3333333333333333
3511448	2	1	3	0.3333333333333333
3511473	3	0	3	0.0
3511486	2	1	3	0.3333333333333333
3511495	1	2	3	0.6666666666666666
3511550	1	2	3	0.6666666666666666
3511561	3	0	3	0.0
3511567	1	2	3	0.6666666666666666
3511584	1	2	3	0.6666666666666666
3511586	1	2	3	0.6666666666666666
3511591	1	2	3	0.6666666666666666
3511607	1	2	3	0.6666666666666666
3511633	2	1	3	0.3333333333333333
3511640	2	1	3	0.3333333333333333
3511648	3	0	3	0.0
3511672	1	2	3	0.6666666666666666
3511686	2	1	3	0.3333333333333333
3511699	3	0	3	0.0
3511735	1	2	3	0.6666666666666666
3511750	1	2	3	0.6666666666666666
3511769	1	2	3	0.6666666666666666
3511772	1	2	3	0.6666666666666666
3511776	2	1	3	0.3333333333333333
3511792	3	0	3	0.0
3511794	3	0	3	0.0
3511801	3	0	3	0.0
3511807	2	1	3	0.3333333333333333
3511813	1	2	3	0.6666666666666666
3511821	1	2	3	0.6666666666666666
3511840	1	2	3	0.6666666666666666
3511846	2	1	3	0.3333333333333333
3511892	1	2	3	0.6666666666666666
3511907	1	2	3	0.6666666666666666
3511910	1	2	3	0.6666666666666666
3511917	2	1	3	0.3333333333333333
3511919	3	0	3	0.0
3511928	1	2	3	0.6666666666666666
3511942	2	1	3	0.3333333333333333
3511963	3	0	3	0.0
3511965	3	0	3	0.0
3511973	3	0	3	0.0
3511975	3	0	3	0.0
3511980	2	1	3	0.3333333333333333
3512029	1	2	3	0.6666666666666666
3512033	1	2	3	0.6666666666666666
3512083	1	1	2	0.5
3512128	2	0	2	0.0
3512148	1	1	2	0.5
3512154	1	1	2	0.5
3512157	1	1	2	0.5
3512166	1	1	2	0.5
3512189	1	1	2	0.5
3512207	2	0	2	0.0
3512218	1	1	2	0.5
3512262	1	1	2	0.5
3512269	1	1	2	0.5
3512292	1	1	2	0.5
3512300	1	1	2	0.5
3512303	1	1	2	0.5
3512311	1	1	2	0.5
3512314	1	1	2	0.5
3512406	1	1	2	0.5
3512419	1	1	2	0.5
3512422	2	0	2	0.0
3512471	2	0	2	0.0
3512481	1	1	2	0.5
3512573	1	1	2	0.5
3512591	1	1	2	0.5
3512637	1	1	2	0.5
3512643	1	1	2	0.5
3512679	1	1	2	0.5
3512709	1	1	2	0.5
3512711	1	1	2	0.5
3512758	1	1	2	0.5
3512767	1	1	2	0.5
3512798	1	1	2	0.5
3512843	1	1	2	0.5
3512877	1	1	2	0.5
3512912	1	1	2	0.5
3512916	1	1	2	0.5
3512933	1	1	2	0.5
3512938	1	1	2	0.5
3512946	1	1	2	0.5
3512970	1	1	2	0.5
3512974	2	0	2	0.0
3512994	1	1	2	0.5
3513000	1	1	2	0.5
3513075	1	1	2	0.5
3513083	1	1	2	0.5
3513085	1	1	2	0.5
3513087	1	1	2	0.5
3513089	1	1	2	0.5
3513099	2	0	2	0.0
3513108	2	0	2	0.0
3513114	2	0	2	0.0
3513151	1	1	2	0.5
3513164	2	0	2	0.0
3513166	2	0	2	0.0
3513204	1	1	2	0.5
3513237	2	0	2	0.0
3513252	1	1	2	0.5
3513272	1	1	2	0.5
3513292	1	1	2	0.5
3513294	1	1	2	0.5
3513315	1	0	1	0.0
3513322	1	0	1	0.0
3513386	1	0	1	0.0
3513450	1	0	1	0.0
3513459	1	0	1	0.0
3513462	1	0	1	0.0
3513469	1	0	1	0.0
3513501	1	0	1	0.0
3513503	1	0	1	0.0
3513562	1	0	1	0.0
3513567	1	0	1	0.0
3513664	1	0	1	0.0
3513784	1	0	1	0.0
3513793	1	0	1	0.0
3513809	1	0	1	0.0
3513854	1	0	1	0.0
3513874	1	0	1	0.0
3513880	1	0	1	0.0
3513886	1	0	1	0.0
3513924	1	0	1	0.0
3513939	1	0	1	0.0
3513964	1	0	1	0.0
3513969	1	0	1	0.0
3513973	1	0	1	0.0
3514003	1	0	1	0.0
3514060	1	0	1	0.0
3514071	1	0	1	0.0
3514080	1	0	1	0.0
3514091	1	0	1	0.0
3514106	1	0	1	0.0
3514132	1	0	1	0.0
3514140	1	0	1	0.0
3514184	1	0	1	0.0
3514193	1	0	1	0.0
3514195	1	0	1	0.0
3514230	1	0	1	0.0
3514233	1	0	1	0.0
3514254	1	0	1	0.0
3514256	1	0	1	0.0
3514272	1	0	1	0.0
3514285	1	0	1	0.0
3514294	1	0	1	0.0
3514306	1	0	1	0.0
3514413	1	0	1	0.0
3514460	1	0	1	0.0
3514465	1	0	1	0.0
3514468	1	0	1	0.0
3514471	1	0	1	0.0
3514522	1	0	1	0.0
3514572	1	0	1	0.0
3514621	1	0	1	0.0
3514624	1	0	1	0.0
3514721	1	0	1	0.0
3514771	1	0	1	0.0
3514816	1	0	1	0.0
3514919	1	0	1	0.0
3514951	1	0	1	0.0
3514963	1	0	1	0.0
3514972	1	0	1	0.0
3515024	1	0	1	0.0
3515061	1	0	1	0.0
3515086	1	0	1	0.0
3515088	1	0	1	0.0
3515097	1	0	1	0.0
3515127	1	0	1	0.0
3515148	1	0	1	0.0
3515213	1	0	1	0.0
3515215	1	0	1	0.0
3515258	1	0	1	0.0
3515284	1	0	1	0.0
3515356	1	0	1	0.0
3515382	1	0	1	0.0
3515415	1	0	1	0.0
3515418	1	0	1	0.0
3515482	1	0	1	0.0
3515504	1	0	1	0.0
3515529	1	0	1	0.0
3515531	1	0	1	0.0
3515543	1	0	1	0.0
3515590	1	0	1	0.0
3515594	1	0	1	0.0
3515597	1	0	1	0.0
3515602	1	0	1	0.0
3515628	1	0	1	0.0
3515630	1	0	1	0.0
3515664	1	0	1	0.0
3499494	0	1	1	1.0
3499526	0	1	1	1.0
3499546	0	1	1	1.0
3499563	0	1	1	1.0
3499591	0	1	1	1.0
3499597	0	1	1	1.0
3499641	0	1	1	1.0
3499654	0	1	1	1.0
3499657	0	1	1	1.0
3499673	0	1	1	1.0
3499679	0	1	1	1.0
3499712	0	1	1	1.0
3499767	0	1	1	1.0
3499769	0	1	1	1.0
3499883	0	1	1	1.0
3499931	0	1	1	1.0
3499963	0	1	1	1.0
3499966	0	1	1	1.0
3499969	0	1	1	1.0
3499978	0	1	1	1.0
3499981	0	1	1	1.0
3499987	0	1	1	1.0
3500025	0	2	2	1.0
3500031	0	2	2	1.0
3500050	0	2	2	1.0
3500065	0	2	2	1.0
3500082	0	3	3	1.0
3500092	0	3	3	1.0
3500121	0	3	3	1.0
3500165	0	3	3	1.0
3500169	0	3	3	1.0
3500209	0	3	3	1.0
3500214	0	3	3	1.0
3500217	0	3	3	1.0
3500226	0	3	3	1.0
3500235	0	3	3	1.0
3500241	0	3	3	1.0
3500268	0	3	3	1.0
3500275	0	3	3	1.0
3500280	0	3	3	1.0
3500287	0	3	3	1.0
3500317	0	3	3	1.0
3500353	0	3	3	1.0
3500356	0	3	3	1.0
3500361	0	3	3	1.0
3500407	0	3	3	1.0
3500439	0	3	3	1.0
3500469	0	3	3	1.0
3500476	0	3	3	1.0
3500496	0	3	3	1.0
3500505	0	3	3	1.0
3500529	0	3	3	1.0
3500536	0	3	3	1.0
3500703	0	4	4	1.0
3500769	0	4	4	1.0
3500772	0	4	4	1.0
3500779	0	4	4	1.0
3500793	0	4	4	1.0
3500835	0	4	4	1.0
3500841	0	4	4	1.0
3500895	0	4	4	1.0
3500898	0	4	4	1.0
3501124	0	4	4	1.0
3501166	0	5	5	1.0
3501169	0	5	5	1.0
3501175	0	5	5	1.0
3501243	0	5	5	1.0
3501423	0	5	5	1.0
3501464	0	5	5	1.0
3501469	0	5	5	1.0
3501532	0	5	5	1.0
3501537	0	5	5	1.0
3501540	0	5	5	1.0
3501544	0	5	5	1.0
3501549	0	5	5	1.0
3501599	0	6	6	1.0
3501635	0	6	6	1.0
3501824	0	9	9	1.0
3501828	0	9	9	1.0
3501893	0	9	9	1.0
3501929	0	9	9	1.0
3502037	0	9	9	1.0
3502134	0	9	9	1.0
3502140	0	9	9	1.0
3502146	0	9	9	1.0
3502149	0	9	9	1.0
3502445	0	11	11	1.0
3502810	0	11	11	1.0
3502862	0	11	11	1.0
3503187	0	11	11	1.0
3503346	0	11	11	1.0
3503350	0	11	11	1.0
3503358	0	11	11	1.0
3507549	0	15	15	1.0
3507551	0	15	15	1.0
3507979	0	11	11	1.0
3507981	0	11	11	1.0
3508111	0	10	10	1.0
3508114	0	10	10	1.0
3508692	0	9	9	1.0
3508713	0	9	9	1.0
3508718	0	9	9	1.0
3508757	0	9	9	1.0
3508759	0	9	9	1.0
3508883	0	8	8	1.0
3508891	0	8	8	1.0
3509081	0	8	8	1.0
3509219	0	7	7	1.0
3509225	0	7	7	1.0
3509302	0	7	7	1.0
3509318	0	7	7	1.0
3509321	0	7	7	1.0
3509397	0	6	6	1.0
3509403	0	6	6	1.0
3509435	0	6	6	1.0
3509440	0	6	6	1.0
3509443	0	6	6	1.0
3509691	0	5	5	1.0
3509730	0	4	4	1.0
3509751	0	4	4	1.0
3510065	0	3	3	1.0
3510149	0	3	3	1.0
3510151	0	3	3	1.0
3510156	0	3	3	1.0
3510169	0	3	3	1.0
3510185	0	3	3	1.0
3510203	0	3	3	1.0
3510232	0	3	3	1.0
3510239	0	3	3	1.0
3510311	0	3	3	1.0
3510356	0	3	3	1.0
3510511	0	3	3	1.0
3510514	0	3	3	1.0
3510610	0	3	3	1.0
3510694	0	3	3	1.0
3510739	0	3	3	1.0
3510898	0	3	3	1.0
3510928	0	3	3	1.0
3510931	0	3	3	1.0
3510941	0	3	3	1.0
3510944	0	3	3	1.0
3511038	0	3	3	1.0
3511041	0	3	3	1.0
3511201	0	3	3	1.0
3511259	0	3	3	1.0
3511310	0	3	3	1.0
3511341	0	3	3	1.0
3511347	0	3	3	1.0
3511395	0	3	3	1.0
3511510	0	3	3	1.0
3511515	0	3	3	1.0
3511543	0	3	3	1.0
3511548	0	3	3	1.0
3511601	0	3	3	1.0
3511604	0	3	3	1.0
3511661	0	3	3	1.0
3511666	0	3	3	1.0
3511714	0	3	3	1.0
3511719	0	3	3	1.0
3511856	0	3	3	1.0
3511871	0	3	3	1.0
3511873	0	3	3	1.0
3511988	0	3	3	1.0
3512044	0	3	3	1.0
3512052	0	2	2	1.0
3512171	0	2	2	1.0
3512176	0	2	2	1.0
3512198	0	2	2	1.0
3512200	0	2	2	1.0
3512226	0	2	2	1.0
3512333	0	2	2	1.0
3512337	0	2	2	1.0
3512340	0	2	2	1.0
3512398	0	2	2	1.0
3512442	0	2	2	1.0
3512519	0	2	2	1.0
3512524	0	2	2	1.0
3512582	0	2	2	1.0
3512588	0	2	2	1.0
3512597	0	2	2	1.0
3512611	0	2	2	1.0
3512658	0	2	2	1.0
3512663	0	2	2	1.0
3512670	0	2	2	1.0
3512683	0	2	2	1.0
3512690	0	2	2	1.0
3512694	0	2	2	1.0
3512696	0	2	2	1.0
3512747	0	2	2	1.0
3512752	0	2	2	1.0
3512792	0	2	2	1.0
3512883	0	2	2	1.0
3512949	0	2	2	1.0
3512954	0	2	2	1.0
3512957	0	2	2	1.0
3513017	0	2	2	1.0
3513023	0	2	2	1.0
3513031	0	2	2	1.0
3513038	0	2	2	1.0
3513063	0	2	2	1.0
3513131	0	2	2	1.0
3513141	0	2	2	1.0
3513143	0	2	2	1.0
3513176	0	2	2	1.0
3513284	0	2	2	1.0
3513332	0	1	1	1.0
3513335	0	1	1	1.0
3513381	0	1	1	1.0
3513422	0	1	1	1.0
3513490	0	1	1	1.0
3513494	0	1	1	1.0
3513515	0	1	1	1.0
3513611	0	1	1	1.0
3513623	0	1	1	1.0
3513643	0	1	1	1.0
3513657	0	1	1	1.0
3513678	0	1	1	1.0
3513729	0	1	1	1.0
3513738	0	1	1	1.0
3513741	0	1	1	1.0
3513753	0	1	1	1.0
3513816	0	1	1	1.0
3513819	0	1	1	1.0
3513954	0	1	1	1.0
3513961	0	1	1	1.0
3513966	0	1	1	1.0
3513976	0	1	1	1.0
3513979	0	1	1	1.0
3514024	0	1	1	1.0
3514026	0	1	1	1.0
3514033	0	1	1	1.0
3514038	0	1	1	1.0
3514044	0	1	1	1.0
3514048	0	1	1	1.0
3514095	0	1	1	1.0
3514115	0	1	1	1.0
3514149	0	1	1	1.0
3514153	0	1	1	1.0
3514172	0	1	1	1.0
3514180	0	1	1	1.0
3514209	0	1	1	1.0
3514211	0	1	1	1.0
3514269	0	1	1	1.0
3514332	0	1	1	1.0
3514339	0	1	1	1.0
3514359	0	1	1	1.0
3514362	0	1	1	1.0
3514365	0	1	1	1.0
3514367	0	1	1	1.0
3514450	0	1	1	1.0
3514481	0	1	1	1.0
3514483	0	1	1	1.0
3514487	0	1	1	1.0
3514490	0	1	1	1.0
3514495	0	1	1	1.0
3514501	0	1	1	1.0
3514528	0	1	1	1.0
3514542	0	1	1	1.0
3514561	0	1	1	1.0
3514564	0	1	1	1.0
3514569	0	1	1	1.0
3514575	0	1	1	1.0
3514582	0	1	1	1.0
3514584	0	1	1	1.0
3514639	0	1	1	1.0
3514675	0	1	1	1.0
3514700	0	1	1	1.0
3514703	0	1	1	1.0
3514754	0	1	1	1.0
3514758	0	1	1	1.0
3514810	0	1	1	1.0
3514833	0	1	1	1.0
3514837	0	1	1	1.0
3514840	0	1	1	1.0
3514861	0	1	1	1.0
3514864	0	1	1	1.0
3514873	0	1	1	1.0
3514890	0	1	1	1.0
3514993	0	1	1	1.0
3515010	0	1	1	1.0
3515141	0	1	1	1.0
3515151	0	1	1	1.0
3515168	0	1	1	1.0
3515171	0	1	1	1.0
3515181	0	1	1	1.0
3515196	0	1	1	1.0
3515198	0	1	1	1.0
3515224	0	1	1	1.0
3515229	0	1	1	1.0
3515274	0	1	1	1.0
3515277	0	1	1	1.0
3515293	0	1	1	1.0
3515308	0	1	1	1.0
3515329	0	1	1	1.0
3515332	0	1	1	1.0
3515343	0	1	1	1.0
3515347	0	1	1	1.0
3515368	0	1	1	1.0
3515373	0	1	1	1.0
3515385	0	1	1	1.0
3515400	0	1	1	1.0
3515402	0	1	1	1.0
3515404	0	1	1	1.0
3515449	0	1	1	1.0
3515460	0	1	1	1.0
3515508	0	1	1	1.0
3515512	0	1	1	1.0
3515517	0	1	1	1.0
3515553	0	1	1	1.0
3515562	0	1	1	1.0
3515567	0	1	1	1.0
3515649	0	1	1	1.0
3515652	0	1	1	1.0
