Chr	Pos	Unmodified_read	Modified_read	Coverage	Methylation_frequency
NC_000913.3	3499631	1	0	1	0.0
NC_000913.3	3499906	1	0	1	0.0
NC_000913.3	3499939	1	0	1	0.0
NC_000913.3	3500100	1	2	3	0.6666666666666666
NC_000913.3	3500113	2	1	3	0.3333333333333333
NC_000913.3	3500131	1	2	3	0.6666666666666666
NC_000913.3	3500185	2	1	3	0.3333333333333333
NC_000913.3	3500226	1	2	3	0.6666666666666666
NC_000913.3	3500302	1	2	3	0.6666666666666666
NC_000913.3	3500339	1	2	3	0.6666666666666666
NC_000913.3	3500344	1	2	3	0.6666666666666666
NC_000913.3	3500370	2	1	3	0.3333333333333333
NC_000913.3	3500383	1	2	3	0.6666666666666666
NC_000913.3	3500397	1	2	3	0.6666666666666666
NC_000913.3	3500481	1	2	3	0.6666666666666666
NC_000913.3	3500563	1	3	4	0.75
NC_000913.3	3500566	1	3	4	0.75
NC_000913.3	3500581	4	0	4	0.0
NC_000913.3	3500597	1	3	4	0.75
NC_000913.3	3500601	1	3	4	0.75
NC_000913.3	3500662	2	2	4	0.5
NC_000913.3	3500686	1	3	4	0.75
NC_000913.3	3500700	1	3	4	0.75
NC_000913.3	3500710	2	2	4	0.5
NC_000913.3	3500713	2	2	4	0.5
NC_000913.3	3500731	1	3	4	0.75
NC_000913.3	3500746	2	2	4	0.5
NC_000913.3	3500833	1	3	4	0.75
NC_000913.3	3500869	2	2	4	0.5
NC_000913.3	3500883	2	2	4	0.5
NC_000913.3	3500925	1	3	4	0.75
NC_000913.3	3500947	1	3	4	0.75
NC_000913.3	3500953	1	3	4	0.75
NC_000913.3	3501035	1	3	4	0.75
NC_000913.3	3501046	1	3	4	0.75
NC_000913.3	3501057	1	3	4	0.75
NC_000913.3	3501065	2	2	4	0.5
NC_000913.3	3501072	1	3	4	0.75
NC_000913.3	3501097	1	3	4	0.75
NC_000913.3	3501105	1	3	4	0.75
NC_000913.3	3501147	1	4	5	0.8
NC_000913.3	3501154	2	3	5	0.6
NC_000913.3	3501218	2	3	5	0.6
NC_000913.3	3501224	1	4	5	0.8
NC_000913.3	3501235	1	4	5	0.8
NC_000913.3	3501291	3	2	5	0.4
NC_000913.3	3501309	1	4	5	0.8
NC_000913.3	3501351	1	4	5	0.8
NC_000913.3	3501356	1	4	5	0.8
NC_000913.3	3501366	1	4	5	0.8
NC_000913.3	3501372	1	4	5	0.8
NC_000913.3	3501391	1	4	5	0.8
NC_000913.3	3501393	1	4	5	0.8
NC_000913.3	3501403	1	4	5	0.8
NC_000913.3	3501428	1	4	5	0.8
NC_000913.3	3501438	1	4	5	0.8
NC_000913.3	3501440	1	4	5	0.8
NC_000913.3	3501443	1	4	5	0.8
NC_000913.3	3501449	1	4	5	0.8
NC_000913.3	3501452	1	4	5	0.8
NC_000913.3	3501477	1	4	5	0.8
NC_000913.3	3501492	1	4	5	0.8
NC_000913.3	3501501	2	3	5	0.6
NC_000913.3	3501516	1	4	5	0.8
NC_000913.3	3501561	3	3	6	0.5
NC_000913.3	3501573	1	5	6	0.8333333333333334
NC_000913.3	3501582	1	5	6	0.8333333333333334
NC_000913.3	3501613	3	3	6	0.5
NC_000913.3	3501621	1	5	6	0.8333333333333334
NC_000913.3	3501624	1	5	6	0.8333333333333334
NC_000913.3	3501638	1	6	7	0.8571428571428571
NC_000913.3	3501649	2	5	7	0.7142857142857143
NC_000913.3	3501651	3	4	7	0.5714285714285714
NC_000913.3	3501653	4	3	7	0.42857142857142855
NC_000913.3	3501662	3	4	7	0.5714285714285714
NC_000913.3	3501671	1	6	7	0.8571428571428571
NC_000913.3	3501674	1	6	7	0.8571428571428571
NC_000913.3	3501677	1	6	7	0.8571428571428571
NC_000913.3	3501702	3	5	8	0.625
NC_000913.3	3501741	1	8	9	0.8888888888888888
NC_000913.3	3501763	1	8	9	0.8888888888888888
NC_000913.3	3501768	3	6	9	0.6666666666666666
NC_000913.3	3501770	2	7	9	0.7777777777777778
NC_000913.3	3501773	3	6	9	0.6666666666666666
NC_000913.3	3501777	3	6	9	0.6666666666666666
NC_000913.3	3501779	2	7	9	0.7777777777777778
NC_000913.3	3501786	3	6	9	0.6666666666666666
NC_000913.3	3501801	5	4	9	0.4444444444444444
NC_000913.3	3501841	2	7	9	0.7777777777777778
NC_000913.3	3501862	3	6	9	0.6666666666666666
NC_000913.3	3501906	2	7	9	0.7777777777777778
NC_000913.3	3501914	4	5	9	0.5555555555555556
NC_000913.3	3501920	3	6	9	0.6666666666666666
NC_000913.3	3501956	2	7	9	0.7777777777777778
NC_000913.3	3501977	1	8	9	0.8888888888888888
NC_000913.3	3502009	3	6	9	0.6666666666666666
NC_000913.3	3502019	3	6	9	0.6666666666666666
NC_000913.3	3502032	1	8	9	0.8888888888888888
NC_000913.3	3502046	2	7	9	0.7777777777777778
NC_000913.3	3502062	2	7	9	0.7777777777777778
NC_000913.3	3502078	2	7	9	0.7777777777777778
NC_000913.3	3502089	2	7	9	0.7777777777777778
NC_000913.3	3502093	1	8	9	0.8888888888888888
NC_000913.3	3502095	1	8	9	0.8888888888888888
NC_000913.3	3502117	1	8	9	0.8888888888888888
NC_000913.3	3502128	4	5	9	0.5555555555555556
NC_000913.3	3502157	5	4	9	0.4444444444444444
NC_000913.3	3502172	9	1	10	0.1
NC_000913.3	3502184	5	5	10	0.5
NC_000913.3	3502197	4	7	11	0.6363636363636364
NC_000913.3	3502250	7	4	11	0.36363636363636365
NC_000913.3	3502258	1	10	11	0.9090909090909091
NC_000913.3	3502269	2	9	11	0.8181818181818182
NC_000913.3	3502300	8	3	11	0.2727272727272727
NC_000913.3	3502305	9	2	11	0.18181818181818182
NC_000913.3	3502311	5	6	11	0.5454545454545454
NC_000913.3	3502316	6	5	11	0.45454545454545453
NC_000913.3	3502324	7	4	11	0.36363636363636365
NC_000913.3	3502338	5	6	11	0.5454545454545454
NC_000913.3	3502363	5	6	11	0.5454545454545454
NC_000913.3	3502373	3	8	11	0.7272727272727273
NC_000913.3	3502390	2	9	11	0.8181818181818182
NC_000913.3	3502397	2	9	11	0.8181818181818182
NC_000913.3	3502408	2	9	11	0.8181818181818182
NC_000913.3	3502420	1	10	11	0.9090909090909091
NC_000913.3	3502423	1	10	11	0.9090909090909091
NC_000913.3	3502429	1	10	11	0.9090909090909091
NC_000913.3	3502441	1	10	11	0.9090909090909091
NC_000913.3	3502453	1	10	11	0.9090909090909091
NC_000913.3	3502459	1	10	11	0.9090909090909091
NC_000913.3	3502461	1	10	11	0.9090909090909091
NC_000913.3	3502464	3	8	11	0.7272727272727273
NC_000913.3	3502476	2	9	11	0.8181818181818182
NC_000913.3	3502480	3	8	11	0.7272727272727273
NC_000913.3	3502500	3	8	11	0.7272727272727273
NC_000913.3	3502506	2	9	11	0.8181818181818182
NC_000913.3	3502512	1	10	11	0.9090909090909091
NC_000913.3	3502524	1	10	11	0.9090909090909091
NC_000913.3	3502539	2	9	11	0.8181818181818182
NC_000913.3	3502552	4	7	11	0.6363636363636364
NC_000913.3	3502560	1	10	11	0.9090909090909091
NC_000913.3	3502579	1	10	11	0.9090909090909091
NC_000913.3	3502592	2	9	11	0.8181818181818182
NC_000913.3	3502595	2	9	11	0.8181818181818182
NC_000913.3	3502597	3	8	11	0.7272727272727273
NC_000913.3	3502606	3	8	11	0.7272727272727273
NC_000913.3	3502623	2	9	11	0.8181818181818182
NC_000913.3	3502648	2	9	11	0.8181818181818182
NC_000913.3	3502650	3	8	11	0.7272727272727273
NC_000913.3	3502659	1	10	11	0.9090909090909091
NC_000913.3	3502669	2	9	11	0.8181818181818182
NC_000913.3	3502671	3	8	11	0.7272727272727273
NC_000913.3	3502678	7	4	11	0.36363636363636365
NC_000913.3	3502680	5	6	11	0.5454545454545454
NC_000913.3	3502692	2	9	11	0.8181818181818182
NC_000913.3	3502715	7	4	11	0.36363636363636365
NC_000913.3	3502735	1	10	11	0.9090909090909091
NC_000913.3	3502750	4	7	11	0.6363636363636364
NC_000913.3	3502752	4	7	11	0.6363636363636364
NC_000913.3	3502762	2	9	11	0.8181818181818182
NC_000913.3	3502780	7	4	11	0.36363636363636365
NC_000913.3	3502785	4	7	11	0.6363636363636364
NC_000913.3	3502791	1	10	11	0.9090909090909091
NC_000913.3	3502794	1	10	11	0.9090909090909091
NC_000913.3	3502803	1	10	11	0.9090909090909091
NC_000913.3	3502839	1	10	11	0.9090909090909091
NC_000913.3	3502845	2	9	11	0.8181818181818182
NC_000913.3	3502857	1	10	11	0.9090909090909091
NC_000913.3	3502879	4	7	11	0.6363636363636364
NC_000913.3	3502888	1	10	11	0.9090909090909091
NC_000913.3	3502890	3	8	11	0.7272727272727273
NC_000913.3	3502893	1	10	11	0.9090909090909091
NC_000913.3	3502905	3	8	11	0.7272727272727273
NC_000913.3	3502911	2	9	11	0.8181818181818182
NC_000913.3	3502927	2	9	11	0.8181818181818182
NC_000913.3	3502939	1	10	11	0.9090909090909091
NC_000913.3	3502949	4	7	11	0.6363636363636364
NC_000913.3	3502966	1	10	11	0.9090909090909091
NC_000913.3	3502972	1	10	11	0.9090909090909091
NC_000913.3	3502975	2	9	11	0.8181818181818182
NC_000913.3	3502984	2	9	11	0.8181818181818182
NC_000913.3	3502989	1	10	11	0.9090909090909091
NC_000913.3	3503019	2	9	11	0.8181818181818182
NC_000913.3	3503024	4	7	11	0.6363636363636364
NC_000913.3	3503036	2	9	11	0.8181818181818182
NC_000913.3	3503038	1	10	11	0.9090909090909091
NC_000913.3	3503051	4	7	11	0.6363636363636364
NC_000913.3	3503073	1	10	11	0.9090909090909091
NC_000913.3	3503088	1	10	11	0.9090909090909091
NC_000913.3	3503101	3	8	11	0.7272727272727273
NC_000913.3	3503120	1	10	11	0.9090909090909091
NC_000913.3	3503127	1	10	11	0.9090909090909091
NC_000913.3	3503135	1	10	11	0.9090909090909091
NC_000913.3	3503145	1	10	11	0.9090909090909091
NC_000913.3	3503154	7	4	11	0.36363636363636365
NC_000913.3	3503213	4	7	11	0.6363636363636364
NC_000913.3	3503228	5	6	11	0.5454545454545454
NC_000913.3	3503238	2	9	11	0.8181818181818182
NC_000913.3	3503246	1	10	11	0.9090909090909091
NC_000913.3	3503258	2	9	11	0.8181818181818182
NC_000913.3	3503272	1	10	11	0.9090909090909091
NC_000913.3	3503277	1	10	11	0.9090909090909091
NC_000913.3	3503288	5	6	11	0.5454545454545454
NC_000913.3	3503313	2	9	11	0.8181818181818182
NC_000913.3	3503322	1	10	11	0.9090909090909091
NC_000913.3	3503381	2	9	11	0.8181818181818182
NC_000913.3	3503388	1	10	11	0.9090909090909091
NC_000913.3	3503397	1	11	12	0.9166666666666666
NC_000913.3	3503421	7	5	12	0.4166666666666667
NC_000913.3	3503431	2	10	12	0.8333333333333334
NC_000913.3	3503433	2	10	12	0.8333333333333334
NC_000913.3	3503442	7	5	12	0.4166666666666667
NC_000913.3	3503451	5	7	12	0.5833333333333334
NC_000913.3	3503457	4	8	12	0.6666666666666666
NC_000913.3	3503466	4	8	12	0.6666666666666666
NC_000913.3	3503493	3	9	12	0.75
NC_000913.3	3503504	3	9	12	0.75
NC_000913.3	3503523	3	9	12	0.75
NC_000913.3	3503525	3	9	12	0.75
NC_000913.3	3503543	1	12	13	0.9230769230769231
NC_000913.3	3503550	2	11	13	0.8461538461538461
NC_000913.3	3503568	7	6	13	0.46153846153846156
NC_000913.3	3503573	7	6	13	0.46153846153846156
NC_000913.3	3503586	3	10	13	0.7692307692307693
NC_000913.3	3503592	3	10	13	0.7692307692307693
NC_000913.3	3503601	6	7	13	0.5384615384615384
NC_000913.3	3503618	6	7	13	0.5384615384615384
NC_000913.3	3503639	3	10	13	0.7692307692307693
NC_000913.3	3503646	2	11	13	0.8461538461538461
NC_000913.3	3503664	4	9	13	0.6923076923076923
NC_000913.3	3503669	5	8	13	0.6153846153846154
NC_000913.3	3503679	2	11	13	0.8461538461538461
NC_000913.3	3503684	2	11	13	0.8461538461538461
NC_000913.3	3503689	1	12	13	0.9230769230769231
NC_000913.3	3503705	2	11	13	0.8461538461538461
NC_000913.3	3503716	4	9	13	0.6923076923076923
NC_000913.3	3503721	6	7	13	0.5384615384615384
NC_000913.3	3503741	3	10	13	0.7692307692307693
NC_000913.3	3503754	6	7	13	0.5384615384615384
NC_000913.3	3503775	4	9	13	0.6923076923076923
NC_000913.3	3503777	6	7	13	0.5384615384615384
NC_000913.3	3503788	3	10	13	0.7692307692307693
NC_000913.3	3503804	2	11	13	0.8461538461538461
NC_000913.3	3503810	2	11	13	0.8461538461538461
NC_000913.3	3503817	2	11	13	0.8461538461538461
NC_000913.3	3503832	3	10	13	0.7692307692307693
NC_000913.3	3503840	5	8	13	0.6153846153846154
NC_000913.3	3503850	8	5	13	0.38461538461538464
NC_000913.3	3503862	2	11	13	0.8461538461538461
NC_000913.3	3503873	3	10	13	0.7692307692307693
NC_000913.3	3503888	2	11	13	0.8461538461538461
NC_000913.3	3503894	2	11	13	0.8461538461538461
NC_000913.3	3503900	3	10	13	0.7692307692307693
NC_000913.3	3503909	7	6	13	0.46153846153846156
NC_000913.3	3503912	6	7	13	0.5384615384615384
NC_000913.3	3503916	7	6	13	0.46153846153846156
NC_000913.3	3503918	7	6	13	0.46153846153846156
NC_000913.3	3503921	5	8	13	0.6153846153846154
NC_000913.3	3503940	5	8	13	0.6153846153846154
NC_000913.3	3503959	1	12	13	0.9230769230769231
NC_000913.3	3503965	1	12	13	0.9230769230769231
NC_000913.3	3503979	3	10	13	0.7692307692307693
NC_000913.3	3503985	2	11	13	0.8461538461538461
NC_000913.3	3504000	4	9	13	0.6923076923076923
NC_000913.3	3504007	2	11	13	0.8461538461538461
NC_000913.3	3504020	8	5	13	0.38461538461538464
NC_000913.3	3504047	3	10	13	0.7692307692307693
NC_000913.3	3504062	6	7	13	0.5384615384615384
NC_000913.3	3504067	4	9	13	0.6923076923076923
NC_000913.3	3504090	2	11	13	0.8461538461538461
NC_000913.3	3504096	1	12	13	0.9230769230769231
NC_000913.3	3504100	2	11	13	0.8461538461538461
NC_000913.3	3504106	2	11	13	0.8461538461538461
NC_000913.3	3504123	5	8	13	0.6153846153846154
NC_000913.3	3504125	4	9	13	0.6923076923076923
NC_000913.3	3504144	6	7	13	0.5384615384615384
NC_000913.3	3504162	3	10	13	0.7692307692307693
NC_000913.3	3504168	5	8	13	0.6153846153846154
NC_000913.3	3504189	2	11	13	0.8461538461538461
NC_000913.3	3504196	2	11	13	0.8461538461538461
NC_000913.3	3504208	3	10	13	0.7692307692307693
NC_000913.3	3504222	3	10	13	0.7692307692307693
NC_000913.3	3504237	2	11	13	0.8461538461538461
NC_000913.3	3504240	3	10	13	0.7692307692307693
NC_000913.3	3504250	5	8	13	0.6153846153846154
NC_000913.3	3504297	5	8	13	0.6153846153846154
NC_000913.3	3504324	2	11	13	0.8461538461538461
NC_000913.3	3504333	2	11	13	0.8461538461538461
NC_000913.3	3504350	2	11	13	0.8461538461538461
NC_000913.3	3504353	2	11	13	0.8461538461538461
NC_000913.3	3504369	3	10	13	0.7692307692307693
NC_000913.3	3504379	6	7	13	0.5384615384615384
NC_000913.3	3504387	3	10	13	0.7692307692307693
NC_000913.3	3504390	1	12	13	0.9230769230769231
NC_000913.3	3504392	1	12	13	0.9230769230769231
NC_000913.3	3504395	2	11	13	0.8461538461538461
NC_000913.3	3504402	7	6	13	0.46153846153846156
NC_000913.3	3504420	9	4	13	0.3076923076923077
NC_000913.3	3504429	5	8	13	0.6153846153846154
NC_000913.3	3504448	6	8	14	0.5714285714285714
NC_000913.3	3504462	4	10	14	0.7142857142857143
NC_000913.3	3504473	4	10	14	0.7142857142857143
NC_000913.3	3504500	2	12	14	0.8571428571428571
NC_000913.3	3504506	3	11	14	0.7857142857142857
NC_000913.3	3504508	5	9	14	0.6428571428571429
NC_000913.3	3504534	1	13	14	0.9285714285714286
NC_000913.3	3504537	2	12	14	0.8571428571428571
NC_000913.3	3504571	4	10	14	0.7142857142857143
NC_000913.3	3504581	6	8	14	0.5714285714285714
NC_000913.3	3504583	5	9	14	0.6428571428571429
NC_000913.3	3504594	3	11	14	0.7857142857142857
NC_000913.3	3504609	3	11	14	0.7857142857142857
NC_000913.3	3504621	6	8	14	0.5714285714285714
NC_000913.3	3504628	5	9	14	0.6428571428571429
NC_000913.3	3504632	5	9	14	0.6428571428571429
NC_000913.3	3504654	2	12	14	0.8571428571428571
NC_000913.3	3504663	2	12	14	0.8571428571428571
NC_000913.3	3504668	2	12	14	0.8571428571428571
NC_000913.3	3504676	1	13	14	0.9285714285714286
NC_000913.3	3504690	3	11	14	0.7857142857142857
NC_000913.3	3504713	8	6	14	0.42857142857142855
NC_000913.3	3504720	4	10	14	0.7142857142857143
NC_000913.3	3504726	6	8	14	0.5714285714285714
NC_000913.3	3504739	5	10	15	0.6666666666666666
NC_000913.3	3504741	4	11	15	0.7333333333333333
NC_000913.3	3504748	3	12	15	0.8
NC_000913.3	3504785	3	12	15	0.8
NC_000913.3	3504792	2	13	15	0.8666666666666667
NC_000913.3	3504803	2	13	15	0.8666666666666667
NC_000913.3	3504812	3	12	15	0.8
NC_000913.3	3504818	4	11	15	0.7333333333333333
NC_000913.3	3504821	7	8	15	0.5333333333333333
NC_000913.3	3504830	3	12	15	0.8
NC_000913.3	3504832	3	12	15	0.8
NC_000913.3	3504849	2	13	15	0.8666666666666667
NC_000913.3	3504853	3	12	15	0.8
NC_000913.3	3504887	9	6	15	0.4
NC_000913.3	3504896	5	10	15	0.6666666666666666
NC_000913.3	3504905	6	9	15	0.6
NC_000913.3	3504920	4	11	15	0.7333333333333333
NC_000913.3	3504957	6	9	15	0.6
NC_000913.3	3504966	5	11	16	0.6875
NC_000913.3	3504974	2	14	16	0.875
NC_000913.3	3504985	2	14	16	0.875
NC_000913.3	3504990	3	13	16	0.8125
NC_000913.3	3504995	6	10	16	0.625
NC_000913.3	3505005	1	15	16	0.9375
NC_000913.3	3505010	1	15	16	0.9375
NC_000913.3	3505034	3	13	16	0.8125
NC_000913.3	3505041	2	14	16	0.875
NC_000913.3	3505046	9	7	16	0.4375
NC_000913.3	3505051	9	7	16	0.4375
NC_000913.3	3505059	3	13	16	0.8125
NC_000913.3	3505070	2	14	16	0.875
NC_000913.3	3505073	3	13	16	0.8125
NC_000913.3	3505088	5	11	16	0.6875
NC_000913.3	3505103	12	4	16	0.25
NC_000913.3	3505120	6	10	16	0.625
NC_000913.3	3505122	5	11	16	0.6875
NC_000913.3	3505130	3	13	16	0.8125
NC_000913.3	3505150	4	12	16	0.75
NC_000913.3	3505157	5	11	16	0.6875
NC_000913.3	3505171	5	12	17	0.7058823529411765
NC_000913.3	3505187	4	13	17	0.7647058823529411
NC_000913.3	3505193	2	15	17	0.8823529411764706
NC_000913.3	3505208	4	13	17	0.7647058823529411
NC_000913.3	3505210	5	12	17	0.7058823529411765
NC_000913.3	3505223	9	8	17	0.47058823529411764
NC_000913.3	3505229	3	14	17	0.8235294117647058
NC_000913.3	3505237	5	12	17	0.7058823529411765
NC_000913.3	3505257	7	10	17	0.5882352941176471
NC_000913.3	3505280	10	7	17	0.4117647058823529
NC_000913.3	3505282	12	5	17	0.29411764705882354
NC_000913.3	3505295	5	12	17	0.7058823529411765
NC_000913.3	3505311	7	10	17	0.5882352941176471
NC_000913.3	3505325	4	13	17	0.7647058823529411
NC_000913.3	3505333	3	14	17	0.8235294117647058
NC_000913.3	3505351	8	9	17	0.5294117647058824
NC_000913.3	3505354	9	8	17	0.47058823529411764
NC_000913.3	3505364	5	12	17	0.7058823529411765
NC_000913.3	3505369	2	15	17	0.8823529411764706
NC_000913.3	3505371	3	14	17	0.8235294117647058
NC_000913.3	3505377	1	16	17	0.9411764705882353
NC_000913.3	3505396	3	14	17	0.8235294117647058
NC_000913.3	3505399	5	12	17	0.7058823529411765
NC_000913.3	3505451	6	11	17	0.6470588235294118
NC_000913.3	3505460	5	12	17	0.7058823529411765
NC_000913.3	3505462	6	11	17	0.6470588235294118
NC_000913.3	3505465	6	11	17	0.6470588235294118
NC_000913.3	3505477	1	16	17	0.9411764705882353
NC_000913.3	3505482	1	16	17	0.9411764705882353
NC_000913.3	3505499	2	15	17	0.8823529411764706
NC_000913.3	3505513	4	13	17	0.7647058823529411
NC_000913.3	3505520	4	13	17	0.7647058823529411
NC_000913.3	3505535	4	13	17	0.7647058823529411
NC_000913.3	3505537	5	12	17	0.7058823529411765
NC_000913.3	3505539	5	12	17	0.7058823529411765
NC_000913.3	3505544	9	8	17	0.47058823529411764
NC_000913.3	3505567	4	13	17	0.7647058823529411
NC_000913.3	3505580	5	12	17	0.7058823529411765
NC_000913.3	3505590	2	15	17	0.8823529411764706
NC_000913.3	3505592	3	14	17	0.8235294117647058
NC_000913.3	3505607	3	14	17	0.8235294117647058
NC_000913.3	3505610	2	15	17	0.8823529411764706
NC_000913.3	3505616	5	12	17	0.7058823529411765
NC_000913.3	3505627	1	16	17	0.9411764705882353
NC_000913.3	3505630	1	16	17	0.9411764705882353
NC_000913.3	3505633	3	14	17	0.8235294117647058
NC_000913.3	3505649	6	11	17	0.6470588235294118
NC_000913.3	3505679	7	10	17	0.5882352941176471
NC_000913.3	3505707	4	13	17	0.7647058823529411
NC_000913.3	3505712	4	13	17	0.7647058823529411
NC_000913.3	3505715	4	13	17	0.7647058823529411
NC_000913.3	3505727	4	13	17	0.7647058823529411
NC_000913.3	3505729	4	13	17	0.7647058823529411
NC_000913.3	3505746	4	13	17	0.7647058823529411
NC_000913.3	3505754	11	6	17	0.35294117647058826
NC_000913.3	3505769	4	14	18	0.7777777777777778
NC_000913.3	3505777	8	10	18	0.5555555555555556
NC_000913.3	3505780	5	13	18	0.7222222222222222
NC_000913.3	3505782	4	14	18	0.7777777777777778
NC_000913.3	3505787	2	16	18	0.8888888888888888
NC_000913.3	3505789	4	14	18	0.7777777777777778
NC_000913.3	3505799	3	15	18	0.8333333333333334
NC_000913.3	3505801	3	15	18	0.8333333333333334
NC_000913.3	3505814	5	13	18	0.7222222222222222
NC_000913.3	3505817	5	13	18	0.7222222222222222
NC_000913.3	3505828	9	9	18	0.5
NC_000913.3	3505860	8	10	18	0.5555555555555556
NC_000913.3	3505870	8	10	18	0.5555555555555556
NC_000913.3	3505872	9	9	18	0.5
NC_000913.3	3505874	9	9	18	0.5
NC_000913.3	3505892	3	15	18	0.8333333333333334
NC_000913.3	3505909	3	15	18	0.8333333333333334
NC_000913.3	3505924	8	10	18	0.5555555555555556
NC_000913.3	3505930	8	10	18	0.5555555555555556
NC_000913.3	3505941	6	12	18	0.6666666666666666
NC_000913.3	3505961	2	16	18	0.8888888888888888
NC_000913.3	3505979	4	14	18	0.7777777777777778
NC_000913.3	3505991	8	10	18	0.5555555555555556
NC_000913.3	3506012	10	8	18	0.4444444444444444
NC_000913.3	3506038	9	9	18	0.5
NC_000913.3	3506043	7	11	18	0.6111111111111112
NC_000913.3	3506082	4	14	18	0.7777777777777778
NC_000913.3	3506100	8	9	17	0.5294117647058824
NC_000913.3	3506104	5	12	17	0.7058823529411765
NC_000913.3	3506110	5	12	17	0.7058823529411765
NC_000913.3	3506125	8	9	17	0.5294117647058824
NC_000913.3	3506129	8	9	17	0.5294117647058824
NC_000913.3	3506142	8	9	17	0.5294117647058824
NC_000913.3	3506164	3	14	17	0.8235294117647058
NC_000913.3	3506166	4	13	17	0.7647058823529411
NC_000913.3	3506178	13	4	17	0.23529411764705882
NC_000913.3	3506188	7	10	17	0.5882352941176471
NC_000913.3	3506205	5	12	17	0.7058823529411765
NC_000913.3	3506212	6	11	17	0.6470588235294118
NC_000913.3	3506217	7	10	17	0.5882352941176471
NC_000913.3	3506227	7	10	17	0.5882352941176471
NC_000913.3	3506253	3	14	17	0.8235294117647058
NC_000913.3	3506258	3	14	17	0.8235294117647058
NC_000913.3	3506269	2	15	17	0.8823529411764706
NC_000913.3	3506272	2	15	17	0.8823529411764706
NC_000913.3	3506279	1	16	17	0.9411764705882353
NC_000913.3	3506284	1	16	17	0.9411764705882353
NC_000913.3	3506287	2	15	17	0.8823529411764706
NC_000913.3	3506294	3	14	17	0.8235294117647058
NC_000913.3	3506310	2	15	17	0.8823529411764706
NC_000913.3	3506314	2	15	17	0.8823529411764706
NC_000913.3	3506318	3	14	17	0.8235294117647058
NC_000913.3	3506335	8	9	17	0.5294117647058824
NC_000913.3	3506338	6	11	17	0.6470588235294118
NC_000913.3	3506352	2	15	17	0.8823529411764706
NC_000913.3	3506362	5	12	17	0.7058823529411765
NC_000913.3	3506374	5	12	17	0.7058823529411765
NC_000913.3	3506380	4	13	17	0.7647058823529411
NC_000913.3	3506383	2	15	17	0.8823529411764706
NC_000913.3	3506398	2	15	17	0.8823529411764706
NC_000913.3	3506419	7	10	17	0.5882352941176471
NC_000913.3	3506437	12	5	17	0.29411764705882354
NC_000913.3	3506446	2	15	17	0.8823529411764706
NC_000913.3	3506448	2	15	17	0.8823529411764706
NC_000913.3	3506464	8	9	17	0.5294117647058824
NC_000913.3	3506481	8	9	17	0.5294117647058824
NC_000913.3	3506483	7	10	17	0.5882352941176471
NC_000913.3	3506503	5	12	17	0.7058823529411765
NC_000913.3	3506518	5	12	17	0.7058823529411765
NC_000913.3	3506524	6	11	17	0.6470588235294118
NC_000913.3	3506533	5	12	17	0.7058823529411765
NC_000913.3	3506536	3	14	17	0.8235294117647058
NC_000913.3	3506541	4	13	17	0.7647058823529411
NC_000913.3	3506547	4	13	17	0.7647058823529411
NC_000913.3	3506575	7	10	17	0.5882352941176471
NC_000913.3	3506613	8	9	17	0.5294117647058824
NC_000913.3	3506616	7	10	17	0.5882352941176471
NC_000913.3	3506634	8	9	17	0.5294117647058824
NC_000913.3	3506640	5	12	17	0.7058823529411765
NC_000913.3	3506666	5	12	17	0.7058823529411765
NC_000913.3	3506671	6	11	17	0.6470588235294118
NC_000913.3	3506675	6	11	17	0.6470588235294118
NC_000913.3	3506689	5	12	17	0.7058823529411765
NC_000913.3	3506697	10	7	17	0.4117647058823529
NC_000913.3	3506723	3	14	17	0.8235294117647058
NC_000913.3	3506729	3	14	17	0.8235294117647058
NC_000913.3	3506736	5	12	17	0.7058823529411765
NC_000913.3	3506746	1	16	17	0.9411764705882353
NC_000913.3	3506748	1	16	17	0.9411764705882353
NC_000913.3	3506784	2	15	17	0.8823529411764706
NC_000913.3	3506816	5	12	17	0.7058823529411765
NC_000913.3	3506820	7	10	17	0.5882352941176471
NC_000913.3	3506831	9	8	17	0.47058823529411764
NC_000913.3	3506850	2	15	17	0.8823529411764706
NC_000913.3	3506853	2	15	17	0.8823529411764706
NC_000913.3	3506856	2	15	17	0.8823529411764706
NC_000913.3	3506893	9	8	17	0.47058823529411764
NC_000913.3	3506902	5	12	17	0.7058823529411765
NC_000913.3	3506929	3	14	17	0.8235294117647058
NC_000913.3	3506932	3	14	17	0.8235294117647058
NC_000913.3	3506968	5	12	17	0.7058823529411765
NC_000913.3	3506974	6	11	17	0.6470588235294118
NC_000913.3	3506976	6	11	17	0.6470588235294118
NC_000913.3	3507021	3	14	17	0.8235294117647058
NC_000913.3	3507033	8	9	17	0.5294117647058824
NC_000913.3	3507046	3	14	17	0.8235294117647058
NC_000913.3	3507064	3	14	17	0.8235294117647058
NC_000913.3	3507072	3	14	17	0.8235294117647058
NC_000913.3	3507075	4	13	17	0.7647058823529411
NC_000913.3	3507084	4	13	17	0.7647058823529411
NC_000913.3	3507108	3	14	17	0.8235294117647058
NC_000913.3	3507120	15	2	17	0.11764705882352941
NC_000913.3	3507148	5	12	17	0.7058823529411765
NC_000913.3	3507180	6	11	17	0.6470588235294118
NC_000913.3	3507190	4	13	17	0.7647058823529411
NC_000913.3	3507195	3	14	17	0.8235294117647058
NC_000913.3	3507197	4	13	17	0.7647058823529411
NC_000913.3	3507200	3	14	17	0.8235294117647058
NC_000913.3	3507226	6	11	17	0.6470588235294118
NC_000913.3	3507235	5	12	17	0.7058823529411765
NC_000913.3	3507239	5	12	17	0.7058823529411765
NC_000913.3	3507246	4	13	17	0.7647058823529411
NC_000913.3	3507262	1	14	15	0.9333333333333333
NC_000913.3	3507265	2	13	15	0.8666666666666667
NC_000913.3	3507269	2	13	15	0.8666666666666667
NC_000913.3	3507274	3	12	15	0.8
NC_000913.3	3507283	3	12	15	0.8
NC_000913.3	3507295	13	2	15	0.13333333333333333
NC_000913.3	3507304	1	14	15	0.9333333333333333
NC_000913.3	3507312	3	12	15	0.8
NC_000913.3	3507340	10	5	15	0.3333333333333333
NC_000913.3	3507372	6	9	15	0.6
NC_000913.3	3507378	5	10	15	0.6666666666666666
NC_000913.3	3507380	3	12	15	0.8
NC_000913.3	3507386	3	12	15	0.8
NC_000913.3	3507389	4	11	15	0.7333333333333333
NC_000913.3	3507398	11	4	15	0.26666666666666666
NC_000913.3	3507411	3	12	15	0.8
NC_000913.3	3507428	2	13	15	0.8666666666666667
NC_000913.3	3507440	3	12	15	0.8
NC_000913.3	3507449	1	14	15	0.9333333333333333
NC_000913.3	3507507	1	14	15	0.9333333333333333
NC_000913.3	3507509	1	14	15	0.9333333333333333
NC_000913.3	3507519	2	13	15	0.8666666666666667
NC_000913.3	3507528	4	11	15	0.7333333333333333
NC_000913.3	3507530	2	13	15	0.8666666666666667
NC_000913.3	3507534	2	13	15	0.8666666666666667
NC_000913.3	3507539	3	12	15	0.8
NC_000913.3	3507575	13	2	15	0.13333333333333333
NC_000913.3	3507594	1	14	15	0.9333333333333333
NC_000913.3	3507605	6	9	15	0.6
NC_000913.3	3507639	3	12	15	0.8
NC_000913.3	3507642	2	13	15	0.8666666666666667
NC_000913.3	3507670	4	11	15	0.7333333333333333
NC_000913.3	3507686	3	11	14	0.7857142857142857
NC_000913.3	3507740	2	11	13	0.8461538461538461
NC_000913.3	3507759	2	11	13	0.8461538461538461
NC_000913.3	3507782	1	12	13	0.9230769230769231
NC_000913.3	3507790	8	5	13	0.38461538461538464
NC_000913.3	3507831	3	9	12	0.75
NC_000913.3	3507851	5	7	12	0.5833333333333334
NC_000913.3	3507854	3	9	12	0.75
NC_000913.3	3507856	3	9	12	0.75
NC_000913.3	3507868	1	11	12	0.9166666666666666
NC_000913.3	3507879	4	8	12	0.6666666666666666
NC_000913.3	3507881	2	10	12	0.8333333333333334
NC_000913.3	3507896	3	9	12	0.75
NC_000913.3	3507900	2	10	12	0.8333333333333334
NC_000913.3	3507919	1	10	11	0.9090909090909091
NC_000913.3	3507926	1	10	11	0.9090909090909091
NC_000913.3	3507933	1	10	11	0.9090909090909091
NC_000913.3	3507937	3	8	11	0.7272727272727273
NC_000913.3	3507957	1	10	11	0.9090909090909091
NC_000913.3	3507966	2	9	11	0.8181818181818182
NC_000913.3	3508011	2	8	10	0.8
NC_000913.3	3508029	1	9	10	0.9
NC_000913.3	3508041	1	9	10	0.9
NC_000913.3	3508047	2	8	10	0.8
NC_000913.3	3508049	3	7	10	0.7
NC_000913.3	3508051	1	9	10	0.9
NC_000913.3	3508065	5	5	10	0.5
NC_000913.3	3508102	3	7	10	0.7
NC_000913.3	3508120	1	9	10	0.9
NC_000913.3	3508129	3	7	10	0.7
NC_000913.3	3508133	1	9	10	0.9
NC_000913.3	3508137	2	8	10	0.8
NC_000913.3	3508150	1	9	10	0.9
NC_000913.3	3508156	1	9	10	0.9
NC_000913.3	3508186	1	9	10	0.9
NC_000913.3	3508189	1	9	10	0.9
NC_000913.3	3508203	2	8	10	0.8
NC_000913.3	3508212	2	8	10	0.8
NC_000913.3	3508221	1	9	10	0.9
NC_000913.3	3508230	8	2	10	0.2
NC_000913.3	3508243	7	3	10	0.3
NC_000913.3	3508272	3	7	10	0.7
NC_000913.3	3508285	2	8	10	0.8
NC_000913.3	3508299	4	6	10	0.6
NC_000913.3	3508304	3	7	10	0.7
NC_000913.3	3508309	3	7	10	0.7
NC_000913.3	3508321	6	4	10	0.4
NC_000913.3	3508330	2	8	10	0.8
NC_000913.3	3508332	2	8	10	0.8
NC_000913.3	3508347	7	3	10	0.3
NC_000913.3	3508362	8	2	10	0.2
NC_000913.3	3508372	1	9	10	0.9
NC_000913.3	3508377	3	7	10	0.7
NC_000913.3	3508379	2	8	10	0.8
NC_000913.3	3508402	4	6	10	0.6
NC_000913.3	3508409	4	6	10	0.6
NC_000913.3	3508421	2	8	10	0.8
NC_000913.3	3508445	2	8	10	0.8
NC_000913.3	3508449	1	9	10	0.9
NC_000913.3	3508454	1	9	10	0.9
NC_000913.3	3508467	6	4	10	0.4
NC_000913.3	3508489	3	7	10	0.7
NC_000913.3	3508505	1	8	9	0.8888888888888888
NC_000913.3	3508515	5	4	9	0.4444444444444444
NC_000913.3	3508530	7	2	9	0.2222222222222222
NC_000913.3	3508560	1	8	9	0.8888888888888888
NC_000913.3	3508573	3	6	9	0.6666666666666666
NC_000913.3	3508576	3	6	9	0.6666666666666666
NC_000913.3	3508609	8	1	9	0.1111111111111111
NC_000913.3	3508630	1	8	9	0.8888888888888888
NC_000913.3	3508644	2	7	9	0.7777777777777778
NC_000913.3	3508650	2	7	9	0.7777777777777778
NC_000913.3	3508652	2	7	9	0.7777777777777778
NC_000913.3	3508654	3	6	9	0.6666666666666666
NC_000913.3	3508670	4	5	9	0.5555555555555556
NC_000913.3	3508699	1	8	9	0.8888888888888888
NC_000913.3	3508706	1	8	9	0.8888888888888888
NC_000913.3	3508785	1	8	9	0.8888888888888888
NC_000913.3	3508790	2	7	9	0.7777777777777778
NC_000913.3	3508796	3	6	9	0.6666666666666666
NC_000913.3	3508803	2	7	9	0.7777777777777778
NC_000913.3	3508811	2	7	9	0.7777777777777778
NC_000913.3	3508836	1	8	9	0.8888888888888888
NC_000913.3	3508849	8	1	9	0.1111111111111111
NC_000913.3	3508861	1	8	9	0.8888888888888888
NC_000913.3	3508868	5	4	9	0.4444444444444444
NC_000913.3	3508879	1	7	8	0.875
NC_000913.3	3508895	1	7	8	0.875
NC_000913.3	3508898	2	6	8	0.75
NC_000913.3	3508916	1	7	8	0.875
NC_000913.3	3508922	1	7	8	0.875
NC_000913.3	3508950	1	7	8	0.875
NC_000913.3	3508953	1	7	8	0.875
NC_000913.3	3508956	1	7	8	0.875
NC_000913.3	3508973	5	3	8	0.375
NC_000913.3	3508996	2	6	8	0.75
NC_000913.3	3509027	2	6	8	0.75
NC_000913.3	3509072	4	4	8	0.5
NC_000913.3	3509123	1	7	8	0.875
NC_000913.3	3509126	1	7	8	0.875
NC_000913.3	3509144	4	4	8	0.5
NC_000913.3	3509156	4	4	8	0.5
NC_000913.3	3509168	2	5	7	0.7142857142857143
NC_000913.3	3509200	1	6	7	0.8571428571428571
NC_000913.3	3509233	2	5	7	0.7142857142857143
NC_000913.3	3509243	1	6	7	0.8571428571428571
NC_000913.3	3509272	4	3	7	0.42857142857142855
NC_000913.3	3509276	3	4	7	0.5714285714285714
NC_000913.3	3509293	2	5	7	0.7142857142857143
NC_000913.3	3509297	1	6	7	0.8571428571428571
NC_000913.3	3509348	2	5	7	0.7142857142857143
NC_000913.3	3509376	1	5	6	0.8333333333333334
NC_000913.3	3509381	1	5	6	0.8333333333333334
NC_000913.3	3509462	3	2	5	0.4
NC_000913.3	3509485	3	2	5	0.4
NC_000913.3	3509498	1	4	5	0.8
NC_000913.3	3509500	1	4	5	0.8
NC_000913.3	3509512	1	4	5	0.8
NC_000913.3	3509517	1	4	5	0.8
NC_000913.3	3509520	1	4	5	0.8
NC_000913.3	3509526	2	3	5	0.6
NC_000913.3	3509530	1	4	5	0.8
NC_000913.3	3509532	1	4	5	0.8
NC_000913.3	3509567	4	1	5	0.2
NC_000913.3	3509594	1	4	5	0.8
NC_000913.3	3509606	1	4	5	0.8
NC_000913.3	3509616	2	3	5	0.6
NC_000913.3	3509627	1	4	5	0.8
NC_000913.3	3509634	2	3	5	0.6
NC_000913.3	3509673	2	3	5	0.6
NC_000913.3	3509724	1	3	4	0.75
NC_000913.3	3509743	1	3	4	0.75
NC_000913.3	3509806	3	1	4	0.25
NC_000913.3	3509808	3	1	4	0.25
NC_000913.3	3509816	3	1	4	0.25
NC_000913.3	3509847	1	2	3	0.6666666666666666
NC_000913.3	3509851	2	1	3	0.3333333333333333
NC_000913.3	3509854	1	2	3	0.6666666666666666
NC_000913.3	3509861	1	2	3	0.6666666666666666
NC_000913.3	3509866	1	2	3	0.6666666666666666
NC_000913.3	3509871	2	1	3	0.3333333333333333
NC_000913.3	3509881	1	2	3	0.6666666666666666
NC_000913.3	3509899	1	2	3	0.6666666666666666
NC_000913.3	3509921	1	2	3	0.6666666666666666
NC_000913.3	3509925	1	2	3	0.6666666666666666
NC_000913.3	3509962	1	2	3	0.6666666666666666
NC_000913.3	3509972	2	1	3	0.3333333333333333
NC_000913.3	3509986	1	2	3	0.6666666666666666
NC_000913.3	3510044	2	1	3	0.3333333333333333
NC_000913.3	3510056	1	2	3	0.6666666666666666
NC_000913.3	3510088	1	2	3	0.6666666666666666
NC_000913.3	3510091	1	2	3	0.6666666666666666
NC_000913.3	3510094	1	2	3	0.6666666666666666
NC_000913.3	3510114	2	1	3	0.3333333333333333
NC_000913.3	3510197	1	2	3	0.6666666666666666
NC_000913.3	3510217	1	2	3	0.6666666666666666
NC_000913.3	3510278	2	1	3	0.3333333333333333
NC_000913.3	3510280	1	2	3	0.6666666666666666
NC_000913.3	3510324	3	0	3	0.0
NC_000913.3	3510338	3	0	3	0.0
NC_000913.3	3510370	2	1	3	0.3333333333333333
NC_000913.3	3510445	2	1	3	0.3333333333333333
NC_000913.3	3510448	2	1	3	0.3333333333333333
NC_000913.3	3510458	3	0	3	0.0
NC_000913.3	3510481	1	2	3	0.6666666666666666
NC_000913.3	3510494	2	1	3	0.3333333333333333
NC_000913.3	3510546	2	1	3	0.3333333333333333
NC_000913.3	3510550	2	1	3	0.3333333333333333
NC_000913.3	3510560	1	2	3	0.6666666666666666
NC_000913.3	3510563	2	1	3	0.3333333333333333
NC_000913.3	3510566	2	1	3	0.3333333333333333
NC_000913.3	3510579	1	2	3	0.6666666666666666
NC_000913.3	3510581	1	2	3	0.6666666666666666
NC_000913.3	3510601	1	2	3	0.6666666666666666
NC_000913.3	3510628	2	1	3	0.3333333333333333
NC_000913.3	3510631	2	1	3	0.3333333333333333
NC_000913.3	3510677	1	2	3	0.6666666666666666
NC_000913.3	3510708	1	2	3	0.6666666666666666
NC_000913.3	3510710	1	2	3	0.6666666666666666
NC_000913.3	3510728	1	2	3	0.6666666666666666
NC_000913.3	3510767	2	1	3	0.3333333333333333
NC_000913.3	3510776	1	2	3	0.6666666666666666
NC_000913.3	3510783	1	2	3	0.6666666666666666
NC_000913.3	3510820	2	1	3	0.3333333333333333
NC_000913.3	3510828	1	2	3	0.6666666666666666
NC_000913.3	3510830	1	2	3	0.6666666666666666
NC_000913.3	3510833	1	2	3	0.6666666666666666
NC_000913.3	3510877	2	1	3	0.3333333333333333
NC_000913.3	3510987	3	0	3	0.0
NC_000913.3	3511052	1	2	3	0.6666666666666666
NC_000913.3	3511071	2	1	3	0.3333333333333333
NC_000913.3	3511126	3	0	3	0.0
NC_000913.3	3511143	2	1	3	0.3333333333333333
NC_000913.3	3511179	1	2	3	0.6666666666666666
NC_000913.3	3511221	3	0	3	0.0
NC_000913.3	3511231	2	1	3	0.3333333333333333
NC_000913.3	3511250	1	2	3	0.6666666666666666
NC_000913.3	3511253	1	2	3	0.6666666666666666
NC_000913.3	3511288	1	2	3	0.6666666666666666
NC_000913.3	3511294	1	2	3	0.6666666666666666
NC_000913.3	3511315	1	2	3	0.6666666666666666
NC_000913.3	3511386	2	1	3	0.3333333333333333
NC_000913.3	3511436	1	2	3	0.6666666666666666
NC_000913.3	3511448	2	1	3	0.3333333333333333
NC_000913.3	3511473	3	0	3	0.0
NC_000913.3	3511486	2	1	3	0.3333333333333333
NC_000913.3	3511495	1	2	3	0.6666666666666666
NC_000913.3	3511561	3	0	3	0.0
NC_000913.3	3511567	1	2	3	0.6666666666666666
NC_000913.3	3511584	1	2	3	0.6666666666666666
NC_000913.3	3511586	1	2	3	0.6666666666666666
NC_000913.3	3511591	1	2	3	0.6666666666666666
NC_000913.3	3511607	1	2	3	0.6666666666666666
NC_000913.3	3511633	2	1	3	0.3333333333333333
NC_000913.3	3511640	2	1	3	0.3333333333333333
NC_000913.3	3511648	3	0	3	0.0
NC_000913.3	3511672	1	2	3	0.6666666666666666
NC_000913.3	3511686	1	2	3	0.6666666666666666
NC_000913.3	3511699	2	1	3	0.3333333333333333
NC_000913.3	3511750	1	2	3	0.6666666666666666
NC_000913.3	3511772	1	2	3	0.6666666666666666
NC_000913.3	3511776	1	2	3	0.6666666666666666
NC_000913.3	3511792	3	0	3	0.0
NC_000913.3	3511794	2	1	3	0.3333333333333333
NC_000913.3	3511801	3	0	3	0.0
NC_000913.3	3511807	2	1	3	0.3333333333333333
NC_000913.3	3511813	1	2	3	0.6666666666666666
NC_000913.3	3511821	1	2	3	0.6666666666666666
NC_000913.3	3511840	1	2	3	0.6666666666666666
NC_000913.3	3511846	1	2	3	0.6666666666666666
NC_000913.3	3511892	1	2	3	0.6666666666666666
NC_000913.3	3511907	1	2	3	0.6666666666666666
NC_000913.3	3511910	1	2	3	0.6666666666666666
NC_000913.3	3511917	1	2	3	0.6666666666666666
NC_000913.3	3511919	1	2	3	0.6666666666666666
NC_000913.3	3511928	1	2	3	0.6666666666666666
NC_000913.3	3511942	2	1	3	0.3333333333333333
NC_000913.3	3511963	3	0	3	0.0
NC_000913.3	3511965	2	1	3	0.3333333333333333
NC_000913.3	3511973	3	0	3	0.0
NC_000913.3	3511975	3	0	3	0.0
NC_000913.3	3511980	2	1	3	0.3333333333333333
NC_000913.3	3512029	1	2	3	0.6666666666666666
NC_000913.3	3512033	1	2	3	0.6666666666666666
NC_000913.3	3512083	1	1	2	0.5
NC_000913.3	3512128	2	0	2	0.0
NC_000913.3	3512148	1	1	2	0.5
NC_000913.3	3512154	1	1	2	0.5
NC_000913.3	3512157	1	1	2	0.5
NC_000913.3	3512166	1	1	2	0.5
NC_000913.3	3512189	1	1	2	0.5
NC_000913.3	3512207	1	1	2	0.5
NC_000913.3	3512262	1	1	2	0.5
NC_000913.3	3512269	1	1	2	0.5
NC_000913.3	3512300	1	1	2	0.5
NC_000913.3	3512311	1	1	2	0.5
NC_000913.3	3512314	1	1	2	0.5
NC_000913.3	3512419	1	1	2	0.5
NC_000913.3	3512422	1	1	2	0.5
NC_000913.3	3512471	2	0	2	0.0
NC_000913.3	3512573	1	1	2	0.5
NC_000913.3	3512709	1	1	2	0.5
NC_000913.3	3512758	1	1	2	0.5
NC_000913.3	3512798	1	1	2	0.5
NC_000913.3	3512912	1	1	2	0.5
NC_000913.3	3512916	1	1	2	0.5
NC_000913.3	3512938	1	1	2	0.5
NC_000913.3	3512970	1	1	2	0.5
NC_000913.3	3512974	2	0	2	0.0
NC_000913.3	3512994	1	1	2	0.5
NC_000913.3	3513000	1	1	2	0.5
NC_000913.3	3513083	1	1	2	0.5
NC_000913.3	3513085	1	1	2	0.5
NC_000913.3	3513087	1	1	2	0.5
NC_000913.3	3513089	1	1	2	0.5
NC_000913.3	3513099	1	1	2	0.5
NC_000913.3	3513108	1	1	2	0.5
NC_000913.3	3513114	2	0	2	0.0
NC_000913.3	3513151	1	1	2	0.5
NC_000913.3	3513164	1	1	2	0.5
NC_000913.3	3513166	1	1	2	0.5
NC_000913.3	3513237	2	0	2	0.0
NC_000913.3	3513252	1	1	2	0.5
NC_000913.3	3513272	1	1	2	0.5
NC_000913.3	3513292	1	1	2	0.5
NC_000913.3	3513294	1	1	2	0.5
NC_000913.3	3513315	1	0	1	0.0
NC_000913.3	3513322	1	0	1	0.0
NC_000913.3	3513386	1	0	1	0.0
NC_000913.3	3513450	1	0	1	0.0
NC_000913.3	3513462	1	0	1	0.0
NC_000913.3	3513469	1	0	1	0.0
NC_000913.3	3513501	1	0	1	0.0
NC_000913.3	3513503	1	0	1	0.0
NC_000913.3	3513562	1	0	1	0.0
NC_000913.3	3513567	1	0	1	0.0
NC_000913.3	3513664	1	0	1	0.0
NC_000913.3	3513784	1	0	1	0.0
NC_000913.3	3513793	1	0	1	0.0
NC_000913.3	3513854	1	0	1	0.0
NC_000913.3	3513880	1	0	1	0.0
NC_000913.3	3513886	1	0	1	0.0
NC_000913.3	3513924	1	0	1	0.0
NC_000913.3	3513964	1	0	1	0.0
NC_000913.3	3514003	1	0	1	0.0
NC_000913.3	3514060	1	0	1	0.0
NC_000913.3	3514071	1	0	1	0.0
NC_000913.3	3514080	1	0	1	0.0
NC_000913.3	3514091	1	0	1	0.0
NC_000913.3	3514106	1	0	1	0.0
NC_000913.3	3514140	1	0	1	0.0
NC_000913.3	3514184	1	0	1	0.0
NC_000913.3	3514230	1	0	1	0.0
NC_000913.3	3514233	1	0	1	0.0
NC_000913.3	3514254	1	0	1	0.0
NC_000913.3	3514256	1	0	1	0.0
NC_000913.3	3514306	1	0	1	0.0
NC_000913.3	3514413	1	0	1	0.0
NC_000913.3	3514460	1	0	1	0.0
NC_000913.3	3514465	1	0	1	0.0
NC_000913.3	3514468	1	0	1	0.0
NC_000913.3	3514522	1	0	1	0.0
NC_000913.3	3514621	1	0	1	0.0
NC_000913.3	3514624	1	0	1	0.0
NC_000913.3	3514721	1	0	1	0.0
NC_000913.3	3514771	1	0	1	0.0
NC_000913.3	3514919	1	0	1	0.0
NC_000913.3	3514951	1	0	1	0.0
NC_000913.3	3514963	1	0	1	0.0
NC_000913.3	3514972	1	0	1	0.0
NC_000913.3	3515061	1	0	1	0.0
NC_000913.3	3515086	1	0	1	0.0
NC_000913.3	3515088	1	0	1	0.0
NC_000913.3	3515127	1	0	1	0.0
NC_000913.3	3515213	1	0	1	0.0
NC_000913.3	3515215	1	0	1	0.0
NC_000913.3	3515258	1	0	1	0.0
NC_000913.3	3515284	1	0	1	0.0
NC_000913.3	3515356	1	0	1	0.0
NC_000913.3	3515382	1	0	1	0.0
NC_000913.3	3515418	1	0	1	0.0
NC_000913.3	3515482	1	0	1	0.0
NC_000913.3	3515504	1	0	1	0.0
NC_000913.3	3515529	1	0	1	0.0
NC_000913.3	3515531	1	0	1	0.0
NC_000913.3	3515543	1	0	1	0.0
NC_000913.3	3515590	1	0	1	0.0
NC_000913.3	3515594	1	0	1	0.0
NC_000913.3	3515597	1	0	1	0.0
NC_000913.3	3515602	1	0	1	0.0
NC_000913.3	3515628	1	0	1	0.0
NC_000913.3	3515630	1	0	1	0.0
NC_000913.3	3499494	0	1	1	1.0
NC_000913.3	3499526	0	1	1	1.0
NC_000913.3	3499546	0	1	1	1.0
NC_000913.3	3499563	0	1	1	1.0
NC_000913.3	3499591	0	1	1	1.0
NC_000913.3	3499597	0	1	1	1.0
NC_000913.3	3499641	0	1	1	1.0
NC_000913.3	3499654	0	1	1	1.0
NC_000913.3	3499657	0	1	1	1.0
NC_000913.3	3499673	0	1	1	1.0
NC_000913.3	3499679	0	1	1	1.0
NC_000913.3	3499708	0	1	1	1.0
NC_000913.3	3499712	0	1	1	1.0
NC_000913.3	3499767	0	1	1	1.0
NC_000913.3	3499769	0	1	1	1.0
NC_000913.3	3499779	0	1	1	1.0
NC_000913.3	3499883	0	1	1	1.0
NC_000913.3	3499931	0	1	1	1.0
NC_000913.3	3499951	0	1	1	1.0
NC_000913.3	3499963	0	1	1	1.0
NC_000913.3	3499966	0	1	1	1.0
NC_000913.3	3499969	0	1	1	1.0
NC_000913.3	3499978	0	1	1	1.0
NC_000913.3	3499981	0	1	1	1.0
NC_000913.3	3499987	0	1	1	1.0
NC_000913.3	3500025	0	2	2	1.0
NC_000913.3	3500031	0	2	2	1.0
NC_000913.3	3500034	0	2	2	1.0
NC_000913.3	3500043	0	2	2	1.0
NC_000913.3	3500050	0	2	2	1.0
NC_000913.3	3500052	0	2	2	1.0
NC_000913.3	3500065	0	2	2	1.0
NC_000913.3	3500082	0	3	3	1.0
NC_000913.3	3500092	0	3	3	1.0
NC_000913.3	3500121	0	3	3	1.0
NC_000913.3	3500158	0	3	3	1.0
NC_000913.3	3500165	0	3	3	1.0
NC_000913.3	3500169	0	3	3	1.0
NC_000913.3	3500209	0	3	3	1.0
NC_000913.3	3500214	0	3	3	1.0
NC_000913.3	3500217	0	3	3	1.0
NC_000913.3	3500235	0	3	3	1.0
NC_000913.3	3500241	0	3	3	1.0
NC_000913.3	3500268	0	3	3	1.0
NC_000913.3	3500275	0	3	3	1.0
NC_000913.3	3500280	0	3	3	1.0
NC_000913.3	3500287	0	3	3	1.0
NC_000913.3	3500299	0	3	3	1.0
NC_000913.3	3500305	0	3	3	1.0
NC_000913.3	3500317	0	3	3	1.0
NC_000913.3	3500353	0	3	3	1.0
NC_000913.3	3500356	0	3	3	1.0
NC_000913.3	3500361	0	3	3	1.0
NC_000913.3	3500407	0	3	3	1.0
NC_000913.3	3500439	0	3	3	1.0
NC_000913.3	3500452	0	3	3	1.0
NC_000913.3	3500469	0	3	3	1.0
NC_000913.3	3500476	0	3	3	1.0
NC_000913.3	3500496	0	3	3	1.0
NC_000913.3	3500505	0	3	3	1.0
NC_000913.3	3500529	0	3	3	1.0
NC_000913.3	3500536	0	3	3	1.0
NC_000913.3	3500649	0	4	4	1.0
NC_000913.3	3500677	0	4	4	1.0
NC_000913.3	3500703	0	4	4	1.0
NC_000913.3	3500737	0	4	4	1.0
NC_000913.3	3500769	0	4	4	1.0
NC_000913.3	3500772	0	4	4	1.0
NC_000913.3	3500779	0	4	4	1.0
NC_000913.3	3500793	0	4	4	1.0
NC_000913.3	3500806	0	4	4	1.0
NC_000913.3	3500820	0	4	4	1.0
NC_000913.3	3500822	0	4	4	1.0
NC_000913.3	3500835	0	4	4	1.0
NC_000913.3	3500841	0	4	4	1.0
NC_000913.3	3500895	0	4	4	1.0
NC_000913.3	3500898	0	4	4	1.0
NC_000913.3	3501016	0	4	4	1.0
NC_000913.3	3501041	0	4	4	1.0
NC_000913.3	3501043	0	4	4	1.0
NC_000913.3	3501079	0	4	4	1.0
NC_000913.3	3501124	0	4	4	1.0
NC_000913.3	3501166	0	5	5	1.0
NC_000913.3	3501169	0	5	5	1.0
NC_000913.3	3501175	0	5	5	1.0
NC_000913.3	3501202	0	5	5	1.0
NC_000913.3	3501213	0	5	5	1.0
NC_000913.3	3501243	0	5	5	1.0
NC_000913.3	3501414	0	5	5	1.0
NC_000913.3	3501423	0	5	5	1.0
NC_000913.3	3501464	0	5	5	1.0
NC_000913.3	3501469	0	5	5	1.0
NC_000913.3	3501527	0	5	5	1.0
NC_000913.3	3501532	0	5	5	1.0
NC_000913.3	3501537	0	5	5	1.0
NC_000913.3	3501540	0	5	5	1.0
NC_000913.3	3501544	0	5	5	1.0
NC_000913.3	3501549	0	5	5	1.0
NC_000913.3	3501599	0	6	6	1.0
NC_000913.3	3501635	0	6	6	1.0
NC_000913.3	3501818	0	9	9	1.0
NC_000913.3	3501824	0	9	9	1.0
NC_000913.3	3501828	0	9	9	1.0
NC_000913.3	3501893	0	9	9	1.0
NC_000913.3	3501925	0	9	9	1.0
NC_000913.3	3501929	0	9	9	1.0
NC_000913.3	3501981	0	9	9	1.0
NC_000913.3	3501987	0	9	9	1.0
NC_000913.3	3501999	0	9	9	1.0
NC_000913.3	3502037	0	9	9	1.0
NC_000913.3	3502041	0	9	9	1.0
NC_000913.3	3502134	0	9	9	1.0
NC_000913.3	3502140	0	9	9	1.0
NC_000913.3	3502146	0	9	9	1.0
NC_000913.3	3502149	0	9	9	1.0
NC_000913.3	3502261	0	11	11	1.0
NC_000913.3	3502445	0	11	11	1.0
NC_000913.3	3502449	0	11	11	1.0
NC_000913.3	3502455	0	11	11	1.0
NC_000913.3	3502531	0	11	11	1.0
NC_000913.3	3502807	0	11	11	1.0
NC_000913.3	3502810	0	11	11	1.0
NC_000913.3	3502860	0	11	11	1.0
NC_000913.3	3502862	0	11	11	1.0
NC_000913.3	3503141	0	11	11	1.0
NC_000913.3	3503143	0	11	11	1.0
NC_000913.3	3503180	0	11	11	1.0
NC_000913.3	3503187	0	11	11	1.0
NC_000913.3	3503190	0	11	11	1.0
NC_000913.3	3503199	0	11	11	1.0
NC_000913.3	3503202	0	11	11	1.0
NC_000913.3	3503346	0	11	11	1.0
NC_000913.3	3503350	0	11	11	1.0
NC_000913.3	3503358	0	11	11	1.0
NC_000913.3	3503361	0	11	11	1.0
NC_000913.3	3503391	0	11	11	1.0
NC_000913.3	3507456	0	15	15	1.0
NC_000913.3	3507549	0	15	15	1.0
NC_000913.3	3507551	0	15	15	1.0
NC_000913.3	3507554	0	15	15	1.0
NC_000913.3	3507902	0	12	12	1.0
NC_000913.3	3507907	0	12	12	1.0
NC_000913.3	3507975	0	11	11	1.0
NC_000913.3	3507979	0	11	11	1.0
NC_000913.3	3507981	0	11	11	1.0
NC_000913.3	3507984	0	11	11	1.0
NC_000913.3	3507990	0	11	11	1.0
NC_000913.3	3508081	0	10	10	1.0
NC_000913.3	3508111	0	10	10	1.0
NC_000913.3	3508114	0	10	10	1.0
NC_000913.3	3508161	0	10	10	1.0
NC_000913.3	3508219	0	10	10	1.0
NC_000913.3	3508251	0	10	10	1.0
NC_000913.3	3508692	0	9	9	1.0
NC_000913.3	3508713	0	9	9	1.0
NC_000913.3	3508718	0	9	9	1.0
NC_000913.3	3508757	0	9	9	1.0
NC_000913.3	3508759	0	9	9	1.0
NC_000913.3	3508883	0	8	8	1.0
NC_000913.3	3508891	0	8	8	1.0
NC_000913.3	3509045	0	8	8	1.0
NC_000913.3	3509081	0	8	8	1.0
NC_000913.3	3509176	0	7	7	1.0
NC_000913.3	3509178	0	7	7	1.0
NC_000913.3	3509181	0	7	7	1.0
NC_000913.3	3509219	0	7	7	1.0
NC_000913.3	3509225	0	7	7	1.0
NC_000913.3	3509302	0	7	7	1.0
NC_000913.3	3509318	0	7	7	1.0
NC_000913.3	3509321	0	7	7	1.0
NC_000913.3	3509390	0	6	6	1.0
NC_000913.3	3509397	0	6	6	1.0
NC_000913.3	3509403	0	6	6	1.0
NC_000913.3	3509435	0	6	6	1.0
NC_000913.3	3509440	0	6	6	1.0
NC_000913.3	3509443	0	6	6	1.0
NC_000913.3	3509648	0	5	5	1.0
NC_000913.3	3509664	0	5	5	1.0
NC_000913.3	3509691	0	5	5	1.0
NC_000913.3	3509730	0	4	4	1.0
NC_000913.3	3509739	0	4	4	1.0
NC_000913.3	3509751	0	4	4	1.0
NC_000913.3	3509774	0	4	4	1.0
NC_000913.3	3509904	0	3	3	1.0
NC_000913.3	3509954	0	3	3	1.0
NC_000913.3	3510065	0	3	3	1.0
NC_000913.3	3510075	0	3	3	1.0
NC_000913.3	3510078	0	3	3	1.0
NC_000913.3	3510109	0	3	3	1.0
NC_000913.3	3510149	0	3	3	1.0
NC_000913.3	3510151	0	3	3	1.0
NC_000913.3	3510156	0	3	3	1.0
NC_000913.3	3510169	0	3	3	1.0
NC_000913.3	3510185	0	3	3	1.0
NC_000913.3	3510203	0	3	3	1.0
NC_000913.3	3510211	0	3	3	1.0
NC_000913.3	3510232	0	3	3	1.0
NC_000913.3	3510239	0	3	3	1.0
NC_000913.3	3510254	0	3	3	1.0
NC_000913.3	3510269	0	3	3	1.0
NC_000913.3	3510311	0	3	3	1.0
NC_000913.3	3510350	0	3	3	1.0
NC_000913.3	3510356	0	3	3	1.0
NC_000913.3	3510412	0	3	3	1.0
NC_000913.3	3510511	0	3	3	1.0
NC_000913.3	3510514	0	3	3	1.0
NC_000913.3	3510589	0	3	3	1.0
NC_000913.3	3510610	0	3	3	1.0
NC_000913.3	3510613	0	3	3	1.0
NC_000913.3	3510694	0	3	3	1.0
NC_000913.3	3510696	0	3	3	1.0
NC_000913.3	3510699	0	3	3	1.0
NC_000913.3	3510739	0	3	3	1.0
NC_000913.3	3510846	0	3	3	1.0
NC_000913.3	3510853	0	3	3	1.0
NC_000913.3	3510874	0	3	3	1.0
NC_000913.3	3510893	0	3	3	1.0
NC_000913.3	3510898	0	3	3	1.0
NC_000913.3	3510928	0	3	3	1.0
NC_000913.3	3510931	0	3	3	1.0
NC_000913.3	3510941	0	3	3	1.0
NC_000913.3	3510944	0	3	3	1.0
NC_000913.3	3510954	0	3	3	1.0
NC_000913.3	3511038	0	3	3	1.0
NC_000913.3	3511041	0	3	3	1.0
NC_000913.3	3511201	0	3	3	1.0
NC_000913.3	3511259	0	3	3	1.0
NC_000913.3	3511273	0	3	3	1.0
NC_000913.3	3511310	0	3	3	1.0
NC_000913.3	3511341	0	3	3	1.0
NC_000913.3	3511347	0	3	3	1.0
NC_000913.3	3511395	0	3	3	1.0
NC_000913.3	3511510	0	3	3	1.0
NC_000913.3	3511515	0	3	3	1.0
NC_000913.3	3511543	0	3	3	1.0
NC_000913.3	3511548	0	3	3	1.0
NC_000913.3	3511550	0	3	3	1.0
NC_000913.3	3511601	0	3	3	1.0
NC_000913.3	3511604	0	3	3	1.0
NC_000913.3	3511661	0	3	3	1.0
NC_000913.3	3511666	0	3	3	1.0
NC_000913.3	3511714	0	3	3	1.0
NC_000913.3	3511719	0	3	3	1.0
NC_000913.3	3511735	0	3	3	1.0
NC_000913.3	3511769	0	3	3	1.0
NC_000913.3	3511856	0	3	3	1.0
NC_000913.3	3511871	0	3	3	1.0
NC_000913.3	3511873	0	3	3	1.0
NC_000913.3	3511988	0	3	3	1.0
NC_000913.3	3512044	0	3	3	1.0
NC_000913.3	3512052	0	2	2	1.0
NC_000913.3	3512171	0	2	2	1.0
NC_000913.3	3512176	0	2	2	1.0
NC_000913.3	3512198	0	2	2	1.0
NC_000913.3	3512200	0	2	2	1.0
NC_000913.3	3512218	0	2	2	1.0
NC_000913.3	3512226	0	2	2	1.0
NC_000913.3	3512292	0	2	2	1.0
NC_000913.3	3512303	0	2	2	1.0
NC_000913.3	3512333	0	2	2	1.0
NC_000913.3	3512337	0	2	2	1.0
NC_000913.3	3512340	0	2	2	1.0
NC_000913.3	3512398	0	2	2	1.0
NC_000913.3	3512406	0	2	2	1.0
NC_000913.3	3512442	0	2	2	1.0
NC_000913.3	3512481	0	2	2	1.0
NC_000913.3	3512519	0	2	2	1.0
NC_000913.3	3512524	0	2	2	1.0
NC_000913.3	3512582	0	2	2	1.0
NC_000913.3	3512588	0	2	2	1.0
NC_000913.3	3512591	0	2	2	1.0
NC_000913.3	3512597	0	2	2	1.0
NC_000913.3	3512611	0	2	2	1.0
NC_000913.3	3512637	0	2	2	1.0
NC_000913.3	3512643	0	2	2	1.0
NC_000913.3	3512658	0	2	2	1.0
NC_000913.3	3512663	0	2	2	1.0
NC_000913.3	3512670	0	2	2	1.0
NC_000913.3	3512679	0	2	2	1.0
NC_000913.3	3512683	0	2	2	1.0
NC_000913.3	3512690	0	2	2	1.0
NC_000913.3	3512694	0	2	2	1.0
NC_000913.3	3512696	0	2	2	1.0
NC_000913.3	3512711	0	2	2	1.0
NC_000913.3	3512747	0	2	2	1.0
NC_000913.3	3512752	0	2	2	1.0
NC_000913.3	3512767	0	2	2	1.0
NC_000913.3	3512792	0	2	2	1.0
NC_000913.3	3512843	0	2	2	1.0
NC_000913.3	3512877	0	2	2	1.0
NC_000913.3	3512883	0	2	2	1.0
NC_000913.3	3512933	0	2	2	1.0
NC_000913.3	3512946	0	2	2	1.0
NC_000913.3	3512949	0	2	2	1.0
NC_000913.3	3512954	0	2	2	1.0
NC_000913.3	3512957	0	2	2	1.0
NC_000913.3	3513017	0	2	2	1.0
NC_000913.3	3513023	0	2	2	1.0
NC_000913.3	3513031	0	2	2	1.0
NC_000913.3	3513038	0	2	2	1.0
NC_000913.3	3513063	0	2	2	1.0
NC_000913.3	3513075	0	2	2	1.0
NC_000913.3	3513131	0	2	2	1.0
NC_000913.3	3513141	0	2	2	1.0
NC_000913.3	3513143	0	2	2	1.0
NC_000913.3	3513176	0	2	2	1.0
NC_000913.3	3513204	0	2	2	1.0
NC_000913.3	3513284	0	2	2	1.0
NC_000913.3	3513332	0	1	1	1.0
NC_000913.3	3513335	0	1	1	1.0
NC_000913.3	3513381	0	1	1	1.0
NC_000913.3	3513422	0	1	1	1.0
NC_000913.3	3513459	0	1	1	1.0
NC_000913.3	3513490	0	1	1	1.0
NC_000913.3	3513494	0	1	1	1.0
NC_000913.3	3513515	0	1	1	1.0
NC_000913.3	3513611	0	1	1	1.0
NC_000913.3	3513623	0	1	1	1.0
NC_000913.3	3513643	0	1	1	1.0
NC_000913.3	3513657	0	1	1	1.0
NC_000913.3	3513678	0	1	1	1.0
NC_000913.3	3513729	0	1	1	1.0
NC_000913.3	3513738	0	1	1	1.0
NC_000913.3	3513741	0	1	1	1.0
NC_000913.3	3513753	0	1	1	1.0
NC_000913.3	3513809	0	1	1	1.0
NC_000913.3	3513816	0	1	1	1.0
NC_000913.3	3513819	0	1	1	1.0
NC_000913.3	3513874	0	1	1	1.0
NC_000913.3	3513939	0	1	1	1.0
NC_000913.3	3513954	0	1	1	1.0
NC_000913.3	3513961	0	1	1	1.0
NC_000913.3	3513966	0	1	1	1.0
NC_000913.3	3513969	0	1	1	1.0
NC_000913.3	3513973	0	1	1	1.0
NC_000913.3	3513976	0	1	1	1.0
NC_000913.3	3513979	0	1	1	1.0
NC_000913.3	3514024	0	1	1	1.0
NC_000913.3	3514026	0	1	1	1.0
NC_000913.3	3514033	0	1	1	1.0
NC_000913.3	3514038	0	1	1	1.0
NC_000913.3	3514044	0	1	1	1.0
NC_000913.3	3514048	0	1	1	1.0
NC_000913.3	3514095	0	1	1	1.0
NC_000913.3	3514115	0	1	1	1.0
NC_000913.3	3514132	0	1	1	1.0
NC_000913.3	3514149	0	1	1	1.0
NC_000913.3	3514153	0	1	1	1.0
NC_000913.3	3514172	0	1	1	1.0
NC_000913.3	3514180	0	1	1	1.0
NC_000913.3	3514193	0	1	1	1.0
NC_000913.3	3514195	0	1	1	1.0
NC_000913.3	3514209	0	1	1	1.0
NC_000913.3	3514211	0	1	1	1.0
NC_000913.3	3514269	0	1	1	1.0
NC_000913.3	3514272	0	1	1	1.0
NC_000913.3	3514285	0	1	1	1.0
NC_000913.3	3514294	0	1	1	1.0
NC_000913.3	3514332	0	1	1	1.0
NC_000913.3	3514339	0	1	1	1.0
NC_000913.3	3514359	0	1	1	1.0
NC_000913.3	3514362	0	1	1	1.0
NC_000913.3	3514365	0	1	1	1.0
NC_000913.3	3514367	0	1	1	1.0
NC_000913.3	3514450	0	1	1	1.0
NC_000913.3	3514471	0	1	1	1.0
NC_000913.3	3514481	0	1	1	1.0
NC_000913.3	3514483	0	1	1	1.0
NC_000913.3	3514487	0	1	1	1.0
NC_000913.3	3514490	0	1	1	1.0
NC_000913.3	3514495	0	1	1	1.0
NC_000913.3	3514501	0	1	1	1.0
NC_000913.3	3514528	0	1	1	1.0
NC_000913.3	3514542	0	1	1	1.0
NC_000913.3	3514561	0	1	1	1.0
NC_000913.3	3514564	0	1	1	1.0
NC_000913.3	3514569	0	1	1	1.0
NC_000913.3	3514572	0	1	1	1.0
NC_000913.3	3514575	0	1	1	1.0
NC_000913.3	3514582	0	1	1	1.0
NC_000913.3	3514584	0	1	1	1.0
NC_000913.3	3514639	0	1	1	1.0
NC_000913.3	3514675	0	1	1	1.0
NC_000913.3	3514700	0	1	1	1.0
NC_000913.3	3514703	0	1	1	1.0
NC_000913.3	3514754	0	1	1	1.0
NC_000913.3	3514758	0	1	1	1.0
NC_000913.3	3514810	0	1	1	1.0
NC_000913.3	3514816	0	1	1	1.0
NC_000913.3	3514833	0	1	1	1.0
NC_000913.3	3514837	0	1	1	1.0
NC_000913.3	3514840	0	1	1	1.0
NC_000913.3	3514861	0	1	1	1.0
NC_000913.3	3514864	0	1	1	1.0
NC_000913.3	3514873	0	1	1	1.0
NC_000913.3	3514890	0	1	1	1.0
NC_000913.3	3514993	0	1	1	1.0
NC_000913.3	3515010	0	1	1	1.0
NC_000913.3	3515024	0	1	1	1.0
NC_000913.3	3515097	0	1	1	1.0
NC_000913.3	3515141	0	1	1	1.0
NC_000913.3	3515148	0	1	1	1.0
NC_000913.3	3515151	0	1	1	1.0
NC_000913.3	3515168	0	1	1	1.0
NC_000913.3	3515171	0	1	1	1.0
NC_000913.3	3515181	0	1	1	1.0
NC_000913.3	3515196	0	1	1	1.0
NC_000913.3	3515198	0	1	1	1.0
NC_000913.3	3515224	0	1	1	1.0
NC_000913.3	3515229	0	1	1	1.0
NC_000913.3	3515274	0	1	1	1.0
NC_000913.3	3515277	0	1	1	1.0
NC_000913.3	3515293	0	1	1	1.0
NC_000913.3	3515308	0	1	1	1.0
NC_000913.3	3515329	0	1	1	1.0
NC_000913.3	3515332	0	1	1	1.0
NC_000913.3	3515343	0	1	1	1.0
NC_000913.3	3515347	0	1	1	1.0
NC_000913.3	3515368	0	1	1	1.0
NC_000913.3	3515373	0	1	1	1.0
NC_000913.3	3515385	0	1	1	1.0
NC_000913.3	3515400	0	1	1	1.0
NC_000913.3	3515402	0	1	1	1.0
NC_000913.3	3515404	0	1	1	1.0
NC_000913.3	3515415	0	1	1	1.0
NC_000913.3	3515449	0	1	1	1.0
NC_000913.3	3515460	0	1	1	1.0
NC_000913.3	3515508	0	1	1	1.0
NC_000913.3	3515512	0	1	1	1.0
NC_000913.3	3515517	0	1	1	1.0
NC_000913.3	3515553	0	1	1	1.0
NC_000913.3	3515562	0	1	1	1.0
NC_000913.3	3515567	0	1	1	1.0
NC_000913.3	3515649	0	1	1	1.0
NC_000913.3	3515652	0	1	1	1.0
NC_000913.3	3515664	0	1	1	1.0
