Chr	Pos_start	Pos_end	Coverage	Methylation
NC_000913.3	3496753	3496754	0	0
NC_000913.3	3496761	3496762	1	100
NC_000913.3	3496775	3496776	1	100
NC_000913.3	3496781	3496782	1	0
NC_000913.3	3496789	3496790	1	100
NC_000913.3	3496792	3496793	1	0
NC_000913.3	3496810	3496811	1	100
NC_000913.3	3496822	3496823	1	100
NC_000913.3	3496834	3496835	1	100
NC_000913.3	3496839	3496840	1	0
NC_000913.3	3496841	3496842	0	0
NC_000913.3	3496852	3496853	1	0
NC_000913.3	3496855	3496856	1	100
NC_000913.3	3496868	3496869	1	100
NC_000913.3	3496870	3496871	0	0
NC_000913.3	3496885	3496886	1	100
NC_000913.3	3496892	3496893	1	100
NC_000913.3	3496932	3496933	1	100
NC_000913.3	3497030	3497031	1	100
NC_000913.3	3497037	3497038	1	100
NC_000913.3	3497042	3497043	0	0
NC_000913.3	3497044	3497045	1	100
NC_000913.3	3497053	3497054	1	100
NC_000913.3	3497060	3497061	1	0
NC_000913.3	3497072	3497073	1	100
NC_000913.3	3497076	3497077	1	100
NC_000913.3	3497094	3497095	0	0
NC_000913.3	3497102	3497103	0	0
NC_000913.3	3497106	3497107	1	100
NC_000913.3	3497108	3497109	1	100
NC_000913.3	3497141	3497142	1	100
NC_000913.3	3497145	3497146	1	100
NC_000913.3	3497157	3497158	1	100
NC_000913.3	3497166	3497167	1	100
NC_000913.3	3497170	3497171	1	100
NC_000913.3	3497187	3497188	1	100
NC_000913.3	3497189	3497190	1	0
NC_000913.3	3497202	3497203	2	100
NC_000913.3	3497210	3497211	1	100
NC_000913.3	3497223	3497224	2	0
NC_000913.3	3497226	3497227	2	100
NC_000913.3	3497244	3497245	1	100
NC_000913.3	3497279	3497280	2	100
NC_000913.3	3497295	3497296	2	100
NC_000913.3	3497318	3497319	2	50
NC_000913.3	3497343	3497344	2	100
NC_000913.3	3497349	3497350	2	100
NC_000913.3	3497355	3497356	2	100
NC_000913.3	3497379	3497380	2	100
NC_000913.3	3497382	3497383	2	100
NC_000913.3	3497396	3497397	2	100
NC_000913.3	3497412	3497413	2	100
NC_000913.3	3497421	3497422	2	100
NC_000913.3	3497424	3497425	1	100
NC_000913.3	3497426	3497427	2	100
NC_000913.3	3497447	3497448	2	100
NC_000913.3	3497513	3497514	2	100
NC_000913.3	3497518	3497519	2	100
NC_000913.3	3497531	3497532	2	100
NC_000913.3	3497534	3497535	1	100
NC_000913.3	3497544	3497545	1	100
NC_000913.3	3497574	3497575	2	100
NC_000913.3	3497576	3497577	2	100
NC_000913.3	3497580	3497581	2	100
NC_000913.3	3497586	3497587	2	50
NC_000913.3	3497598	3497599	2	100
NC_000913.3	3497609	3497610	1	100
NC_000913.3	3497616	3497617	2	100
NC_000913.3	3497618	3497619	2	100
NC_000913.3	3497631	3497632	2	100
NC_000913.3	3497643	3497644	1	100
NC_000913.3	3497654	3497655	2	100
NC_000913.3	3497660	3497661	2	100
NC_000913.3	3497690	3497691	1	100
NC_000913.3	3497715	3497716	2	100
NC_000913.3	3497747	3497748	2	100
NC_000913.3	3497750	3497751	1	0
NC_000913.3	3497756	3497757	1	100
NC_000913.3	3497761	3497762	2	100
NC_000913.3	3497765	3497766	0	0
NC_000913.3	3497771	3497772	2	100
NC_000913.3	3497795	3497796	2	50
NC_000913.3	3497802	3497803	2	100
NC_000913.3	3497826	3497827	1	0
NC_000913.3	3497857	3497858	2	50
NC_000913.3	3497859	3497860	1	100
NC_000913.3	3497863	3497864	2	100
NC_000913.3	3497865	3497866	2	100
NC_000913.3	3497880	3497881	2	100
NC_000913.3	3497883	3497884	2	100
NC_000913.3	3497895	3497896	2	50
NC_000913.3	3497897	3497898	1	100
NC_000913.3	3497902	3497903	2	100
NC_000913.3	3497925	3497926	2	100
NC_000913.3	3497931	3497932	2	100
NC_000913.3	3497935	3497936	2	50
NC_000913.3	3497942	3497943	1	100
NC_000913.3	3497957	3497958	2	100
NC_000913.3	3497976	3497977	2	100
NC_000913.3	3498006	3498007	1	100
NC_000913.3	3498009	3498010	2	100
NC_000913.3	3498036	3498037	2	100
NC_000913.3	3498053	3498054	2	100
NC_000913.3	3498062	3498063	2	100
NC_000913.3	3498065	3498066	2	100
NC_000913.3	3498075	3498076	2	50
NC_000913.3	3498077	3498078	2	50
NC_000913.3	3498088	3498089	2	100
NC_000913.3	3498090	3498091	2	100
NC_000913.3	3498096	3498097	2	50
NC_000913.3	3498102	3498103	2	100
NC_000913.3	3498112	3498113	2	100
NC_000913.3	3498115	3498116	2	100
NC_000913.3	3498129	3498130	2	50
NC_000913.3	3498135	3498136	2	50
NC_000913.3	3498140	3498141	2	100
NC_000913.3	3498143	3498144	2	100
NC_000913.3	3498150	3498151	2	100
NC_000913.3	3498167	3498168	2	100
NC_000913.3	3498170	3498171	2	50
NC_000913.3	3498181	3498182	2	100
NC_000913.3	3498188	3498189	2	100
NC_000913.3	3498200	3498201	2	100
NC_000913.3	3498213	3498214	2	100
NC_000913.3	3498224	3498225	2	50
NC_000913.3	3498235	3498236	2	100
NC_000913.3	3498244	3498245	0	0
NC_000913.3	3498246	3498247	1	100
NC_000913.3	3498269	3498270	2	100
NC_000913.3	3498290	3498291	2	50
NC_000913.3	3498297	3498298	2	100
NC_000913.3	3498300	3498301	1	100
NC_000913.3	3498310	3498311	2	100
NC_000913.3	3498312	3498313	2	100
NC_000913.3	3498316	3498317	2	100
NC_000913.3	3498333	3498334	2	100
NC_000913.3	3498338	3498339	2	100
NC_000913.3	3498349	3498350	1	100
NC_000913.3	3498352	3498353	2	100
NC_000913.3	3498355	3498356	2	100
NC_000913.3	3498375	3498376	2	100
NC_000913.3	3498381	3498382	2	50
NC_000913.3	3498385	3498386	2	50
NC_000913.3	3498392	3498393	2	50
NC_000913.3	3498398	3498399	2	100
NC_000913.3	3498411	3498412	2	100
NC_000913.3	3498434	3498435	2	50
NC_000913.3	3498438	3498439	2	100
NC_000913.3	3498453	3498454	1	100
NC_000913.3	3498458	3498459	2	100
NC_000913.3	3498462	3498463	2	100
NC_000913.3	3498469	3498470	2	100
NC_000913.3	3498471	3498472	2	100
NC_000913.3	3498500	3498501	2	50
NC_000913.3	3498504	3498505	2	100
NC_000913.3	3498510	3498511	2	50
NC_000913.3	3498567	3498568	2	50
NC_000913.3	3498571	3498572	2	50
NC_000913.3	3498585	3498586	2	50
NC_000913.3	3498604	3498605	2	100
NC_000913.3	3498607	3498608	1	100
NC_000913.3	3498609	3498610	2	100
NC_000913.3	3498614	3498615	2	100
NC_000913.3	3498619	3498620	2	100
NC_000913.3	3498627	3498628	1	100
NC_000913.3	3498630	3498631	2	100
NC_000913.3	3498637	3498638	2	100
NC_000913.3	3498639	3498640	1	100
NC_000913.3	3498641	3498642	1	100
NC_000913.3	3498654	3498655	2	100
NC_000913.3	3498688	3498689	2	100
NC_000913.3	3498695	3498696	2	100
NC_000913.3	3498709	3498710	2	100
NC_000913.3	3498711	3498712	2	100
NC_000913.3	3498718	3498719	2	100
NC_000913.3	3498732	3498733	2	50
NC_000913.3	3498737	3498738	2	100
NC_000913.3	3498751	3498752	2	100
NC_000913.3	3498759	3498760	1	0
NC_000913.3	3498783	3498784	2	100
NC_000913.3	3498785	3498786	1	100
NC_000913.3	3498794	3498795	2	100
NC_000913.3	3498800	3498801	2	100
NC_000913.3	3498809	3498810	2	100
NC_000913.3	3498819	3498820	2	100
NC_000913.3	3498845	3498846	2	100
NC_000913.3	3498860	3498861	2	100
NC_000913.3	3498865	3498866	1	100
NC_000913.3	3498867	3498868	2	100
NC_000913.3	3498882	3498883	2	50
NC_000913.3	3498886	3498887	1	0
NC_000913.3	3498897	3498898	2	100
NC_000913.3	3498912	3498913	2	100
NC_000913.3	3498918	3498919	2	100
NC_000913.3	3498941	3498942	1	100
NC_000913.3	3498956	3498957	2	50
NC_000913.3	3498987	3498988	1	100
NC_000913.3	3498989	3498990	2	100
NC_000913.3	3499017	3499018	2	100
NC_000913.3	3499029	3499030	2	100
NC_000913.3	3499037	3499038	2	100
NC_000913.3	3499050	3499051	2	100
NC_000913.3	3499056	3499057	2	100
NC_000913.3	3499061	3499062	2	100
NC_000913.3	3499070	3499071	1	100
NC_000913.3	3499075	3499076	2	50
NC_000913.3	3499077	3499078	1	100
NC_000913.3	3499086	3499087	1	0
NC_000913.3	3499091	3499092	1	100
NC_000913.3	3499115	3499116	2	50
NC_000913.3	3499136	3499137	2	100
NC_000913.3	3499153	3499154	1	100
NC_000913.3	3499168	3499169	2	100
NC_000913.3	3499170	3499171	2	100
NC_000913.3	3499208	3499209	1	100
NC_000913.3	3499309	3499310	2	100
NC_000913.3	3499317	3499318	2	50
NC_000913.3	3499339	3499340	2	100
NC_000913.3	3499349	3499350	1	100
NC_000913.3	3499371	3499372	2	50
NC_000913.3	3499380	3499381	2	100
NC_000913.3	3499493	3499494	4	100
NC_000913.3	3499525	3499526	4	75
NC_000913.3	3499545	3499546	4	100
NC_000913.3	3499562	3499563	4	75
NC_000913.3	3499590	3499591	4	75
NC_000913.3	3499596	3499597	3	100
NC_000913.3	3499630	3499631	4	75
NC_000913.3	3499640	3499641	4	100
NC_000913.3	3499653	3499654	4	100
NC_000913.3	3499656	3499657	4	100
NC_000913.3	3499672	3499673	4	100
NC_000913.3	3499678	3499679	3	100
NC_000913.3	3499707	3499708	3	50
NC_000913.3	3499711	3499712	2	100
NC_000913.3	3499766	3499767	5	75
NC_000913.3	3499768	3499769	4	100
NC_000913.3	3499778	3499779	5	50
NC_000913.3	3499882	3499883	5	100
NC_000913.3	3499905	3499906	4	83.35
NC_000913.3	3499930	3499931	5	50
NC_000913.3	3499938	3499939	4	100
NC_000913.3	3499950	3499951	5	83.35
NC_000913.3	3499962	3499963	5	100
NC_000913.3	3499965	3499966	4	25
NC_000913.3	3499968	3499969	5	58.35
NC_000913.3	3499977	3499978	5	100
NC_000913.3	3499980	3499981	3	50
NC_000913.3	3499986	3499987	4	100
NC_000913.3	3500024	3500025	6	100
NC_000913.3	3500030	3500031	6	75
NC_000913.3	3500033	3500034	6	100
NC_000913.3	3500042	3500043	6	87.5
NC_000913.3	3500049	3500050	5	75
NC_000913.3	3500051	3500052	4	100
NC_000913.3	3500064	3500065	5	75
NC_000913.3	3500081	3500082	6	100
NC_000913.3	3500091	3500092	7	100
NC_000913.3	3500099	3500100	6	100
NC_000913.3	3500112	3500113	7	100
NC_000913.3	3500120	3500121	7	100
NC_000913.3	3500130	3500131	6	100
NC_000913.3	3500157	3500158	7	90
NC_000913.3	3500164	3500165	7	100
NC_000913.3	3500168	3500169	7	100
NC_000913.3	3500184	3500185	7	100
NC_000913.3	3500208	3500209	7	100
NC_000913.3	3500213	3500214	6	87.5
NC_000913.3	3500216	3500217	6	87.5
NC_000913.3	3500225	3500226	6	75
NC_000913.3	3500234	3500235	7	100
NC_000913.3	3500240	3500241	7	90
NC_000913.3	3500267	3500268	8	100
NC_000913.3	3500274	3500275	8	83.35
NC_000913.3	3500279	3500280	8	90
NC_000913.3	3500286	3500287	8	83.35
NC_000913.3	3500298	3500299	6	100
NC_000913.3	3500301	3500302	8	100
NC_000913.3	3500304	3500305	8	100
NC_000913.3	3500316	3500317	7	50
NC_000913.3	3500338	3500339	6	100
NC_000913.3	3500343	3500344	8	100
NC_000913.3	3500352	3500353	7	100
NC_000913.3	3500355	3500356	7	83.35
NC_000913.3	3500360	3500361	8	100
NC_000913.3	3500369	3500370	7	100
NC_000913.3	3500382	3500383	8	100
NC_000913.3	3500396	3500397	7	100
NC_000913.3	3500406	3500407	8	100
NC_000913.3	3500438	3500439	9	100
NC_000913.3	3500451	3500452	8	100
NC_000913.3	3500468	3500469	8	100
NC_000913.3	3500475	3500476	8	100
NC_000913.3	3500480	3500481	9	75
NC_000913.3	3500495	3500496	9	87.5
NC_000913.3	3500504	3500505	8	100
NC_000913.3	3500528	3500529	9	87.5
NC_000913.3	3500535	3500536	8	100
NC_000913.3	3500562	3500563	10	90
NC_000913.3	3500565	3500566	10	100
NC_000913.3	3500580	3500581	10	100
NC_000913.3	3500596	3500597	7	100
NC_000913.3	3500600	3500601	9	100
NC_000913.3	3500648	3500649	10	100
NC_000913.3	3500661	3500662	9	100
NC_000913.3	3500676	3500677	9	100
NC_000913.3	3500685	3500686	9	90
NC_000913.3	3500699	3500700	10	70
NC_000913.3	3500702	3500703	9	87.5
NC_000913.3	3500709	3500710	6	100
NC_000913.3	3500712	3500713	8	83.35
NC_000913.3	3500730	3500731	5	50
NC_000913.3	3500736	3500737	9	40
NC_000913.3	3500745	3500746	9	87.5
NC_000913.3	3500768	3500769	9	87.5
NC_000913.3	3500771	3500772	10	100
NC_000913.3	3500778	3500779	9	100
NC_000913.3	3500792	3500793	10	100
NC_000913.3	3500805	3500806	10	80
NC_000913.3	3500819	3500820	9	87.5
NC_000913.3	3500821	3500822	9	87.5
NC_000913.3	3500832	3500833	10	80
NC_000913.3	3500834	3500835	9	100
NC_000913.3	3500840	3500841	9	100
NC_000913.3	3500868	3500869	10	90
NC_000913.3	3500882	3500883	10	100
NC_000913.3	3500894	3500895	10	100
NC_000913.3	3500897	3500898	10	100
NC_000913.3	3500924	3500925	10	100
NC_000913.3	3500946	3500947	9	100
NC_000913.3	3500952	3500953	10	90
NC_000913.3	3501015	3501016	10	100
NC_000913.3	3501034	3501035	10	90
NC_000913.3	3501040	3501041	6	75
NC_000913.3	3501042	3501043	8	83.35
NC_000913.3	3501045	3501046	8	100
NC_000913.3	3501056	3501057	10	90
NC_000913.3	3501064	3501065	9	87.5
NC_000913.3	3501071	3501072	10	100
NC_000913.3	3501078	3501079	8	100
NC_000913.3	3501096	3501097	6	87.5
NC_000913.3	3501104	3501105	8	83.35
NC_000913.3	3501123	3501124	9	100
NC_000913.3	3501146	3501147	11	100
NC_000913.3	3501153	3501154	11	100
NC_000913.3	3501165	3501166	10	100
NC_000913.3	3501168	3501169	11	90
NC_000913.3	3501174	3501175	11	91.65
NC_000913.3	3501201	3501202	9	90
NC_000913.3	3501212	3501213	11	100
NC_000913.3	3501217	3501218	9	100
NC_000913.3	3501223	3501224	10	100
NC_000913.3	3501234	3501235	10	90
NC_000913.3	3501242	3501243	11	100
NC_000913.3	3501290	3501291	11	100
NC_000913.3	3501308	3501309	12	100
NC_000913.3	3501350	3501351	10	100
NC_000913.3	3501355	3501356	11	81.65
NC_000913.3	3501365	3501366	12	92.85
NC_000913.3	3501371	3501372	11	100
NC_000913.3	3501390	3501391	9	90
NC_000913.3	3501392	3501393	10	100
NC_000913.3	3501402	3501403	12	92.85
NC_000913.3	3501413	3501414	11	75
NC_000913.3	3501422	3501423	12	100
NC_000913.3	3501427	3501428	11	100
NC_000913.3	3501437	3501438	12	85.7
NC_000913.3	3501439	3501440	11	91.65
NC_000913.3	3501442	3501443	11	91.65
NC_000913.3	3501448	3501449	11	100
NC_000913.3	3501451	3501452	11	83.35
NC_000913.3	3501463	3501464	11	100
NC_000913.3	3501468	3501469	12	100
NC_000913.3	3501476	3501477	11	100
NC_000913.3	3501491	3501492	11	100
NC_000913.3	3501500	3501501	11	91.65
NC_000913.3	3501515	3501516	11	100
NC_000913.3	3501526	3501527	11	100
NC_000913.3	3501531	3501532	12	85.7
NC_000913.3	3501536	3501537	12	100
NC_000913.3	3501539	3501540	9	100
NC_000913.3	3501543	3501544	11	100
NC_000913.3	3501548	3501549	12	100
NC_000913.3	3501560	3501561	12	100
NC_000913.3	3501572	3501573	12	100
NC_000913.3	3501581	3501582	12	100
NC_000913.3	3501598	3501599	12	100
NC_000913.3	3501612	3501613	12	75
NC_000913.3	3501620	3501621	14	100
NC_000913.3	3501623	3501624	12	100
NC_000913.3	3501634	3501635	12	100
NC_000913.3	3501637	3501638	13	90
NC_000913.3	3501648	3501649	13	85.7
NC_000913.3	3501650	3501651	11	70
NC_000913.3	3501652	3501653	13	92.85
NC_000913.3	3501661	3501662	13	91.65
NC_000913.3	3501670	3501671	14	92.85
NC_000913.3	3501673	3501674	15	92.85
NC_000913.3	3501676	3501677	13	100
NC_000913.3	3501701	3501702	15	100
NC_000913.3	3501740	3501741	17	100
NC_000913.3	3501762	3501763	17	100
NC_000913.3	3501767	3501768	16	80.15
NC_000913.3	3501769	3501770	16	87.5
NC_000913.3	3501772	3501773	14	100
NC_000913.3	3501776	3501777	15	93.75
NC_000913.3	3501778	3501779	16	93.75
NC_000913.3	3501785	3501786	17	100
NC_000913.3	3501800	3501801	16	100
NC_000913.3	3501817	3501818	18	100
NC_000913.3	3501823	3501824	18	100
NC_000913.3	3511178	3511179	12	91.65
NC_000913.3	3511200	3511201	11	100
NC_000913.3	3511220	3511221	13	84.5
NC_000913.3	3511230	3511231	10	87.5
NC_000913.3	3511249	3511250	11	83.35
NC_000913.3	3511252	3511253	10	79.15
NC_000913.3	3511258	3511259	12	91.65
NC_000913.3	3511272	3511273	13	84.5
NC_000913.3	3511287	3511288	13	71.45
NC_000913.3	3511293	3511294	11	91.65
NC_000913.3	3511309	3511310	11	100
NC_000913.3	3511314	3511315	12	91.65
NC_000913.3	3511340	3511341	12	91.65
NC_000913.3	3511346	3511347	11	90
NC_000913.3	3511385	3511386	11	100
NC_000913.3	3511394	3511395	7	100
NC_000913.3	3511435	3511436	11	80
NC_000913.3	3511447	3511448	9	100
NC_000913.3	3511472	3511473	9	91.65
NC_000913.3	3511485	3511486	10	70.85
NC_000913.3	3511494	3511495	10	100
NC_000913.3	3511509	3511510	8	100
NC_000913.3	3511514	3511515	8	90
NC_000913.3	3511542	3511543	9	100
NC_000913.3	3511547	3511548	8	83.35
NC_000913.3	3511549	3511550	9	83.35
NC_000913.3	3511560	3511561	10	91.65
NC_000913.3	3511566	3511567	10	100
NC_000913.3	3511583	3511584	7	100
NC_000913.3	3511585	3511586	8	87.5
NC_000913.3	3511590	3511591	9	100
NC_000913.3	3511600	3511601	9	87.5
NC_000913.3	3511603	3511604	9	100
NC_000913.3	3511606	3511607	8	100
NC_000913.3	3511632	3511633	7	70.85
NC_000913.3	3511639	3511640	9	100
NC_000913.3	3511647	3511648	8	100
NC_000913.3	3511660	3511661	8	100
NC_000913.3	3511665	3511666	9	100
NC_000913.3	3511671	3511672	9	100
NC_000913.3	3511685	3511686	8	90
NC_000913.3	3511698	3511699	8	87.5
NC_000913.3	3511713	3511714	9	100
NC_000913.3	3511718	3511719	7	83.35
NC_000913.3	3511734	3511735	7	100
NC_000913.3	3511749	3511750	8	100
NC_000913.3	3511768	3511769	9	100
NC_000913.3	3511771	3511772	8	100
NC_000913.3	3511775	3511776	8	87.5
NC_000913.3	3511791	3511792	9	90
NC_000913.3	3511793	3511794	7	100
NC_000913.3	3511800	3511801	8	90
NC_000913.3	3511806	3511807	8	100
NC_000913.3	3511812	3511813	8	87.5
NC_000913.3	3511820	3511821	9	80
NC_000913.3	3511839	3511840	8	100
NC_000913.3	3511845	3511846	9	90
NC_000913.3	3511855	3511856	9	100
NC_000913.3	3511870	3511871	8	100
NC_000913.3	3511872	3511873	8	100
NC_000913.3	3511891	3511892	9	87.5
NC_000913.3	3511906	3511907	9	100
NC_000913.3	3511909	3511910	8	100
NC_000913.3	3511916	3511917	7	90
NC_000913.3	3511918	3511919	6	100
NC_000913.3	3511927	3511928	8	87.5
NC_000913.3	3511941	3511942	7	90
NC_000913.3	3511962	3511963	9	100
NC_000913.3	3511964	3511965	9	100
NC_000913.3	3511972	3511973	9	100
NC_000913.3	3511974	3511975	8	100
NC_000913.3	3511979	3511980	9	100
NC_000913.3	3511987	3511988	8	100
NC_000913.3	3512028	3512029	8	90
NC_000913.3	3512032	3512033	8	87.5
NC_000913.3	3512043	3512044	7	83.35
NC_000913.3	3512051	3512052	7	75
NC_000913.3	3512082	3512083	8	100
NC_000913.3	3512127	3512128	6	100
NC_000913.3	3512147	3512148	6	100
NC_000913.3	3512153	3512154	7	83.35
NC_000913.3	3512156	3512157	7	83.35
NC_000913.3	3512165	3512166	6	100
NC_000913.3	3512170	3512171	6	66.7
NC_000913.3	3512175	3512176	7	100
NC_000913.3	3512188	3512189	7	66.65
NC_000913.3	3512197	3512198	5	100
NC_000913.3	3512199	3512200	7	100
NC_000913.3	3512206	3512207	7	100
NC_000913.3	3512217	3512218	5	100
NC_000913.3	3512225	3512226	7	87.5
NC_000913.3	3512261	3512262	7	87.5
NC_000913.3	3512268	3512269	6	100
NC_000913.3	3512291	3512292	6	100
NC_000913.3	3512299	3512300	5	100
NC_000913.3	3512302	3512303	5	100
NC_000913.3	3512310	3512311	6	100
NC_000913.3	3512313	3512314	7	100
NC_000913.3	3512332	3512333	7	83.35
NC_000913.3	3512336	3512337	7	100
NC_000913.3	3512339	3512340	7	100
NC_000913.3	3512397	3512398	7	87.5
NC_000913.3	3512405	3512406	5	75
NC_000913.3	3512418	3512419	6	87.5
NC_000913.3	3512421	3512422	7	54.15
NC_000913.3	3512441	3512442	6	100
NC_000913.3	3512470	3512471	6	100
NC_000913.3	3512480	3512481	5	100
NC_000913.3	3512518	3512519	5	100
NC_000913.3	3512523	3512524	4	100
NC_000913.3	3512572	3512573	5	100
NC_000913.3	3512581	3512582	4	75
NC_000913.3	3512587	3512588	5	75
NC_000913.3	3512590	3512591	4	100
NC_000913.3	3512596	3512597	5	100
NC_000913.3	3512610	3512611	5	100
NC_000913.3	3512636	3512637	4	100
NC_000913.3	3512642	3512643	4	100
NC_000913.3	3512657	3512658	5	58.35
NC_000913.3	3512662	3512663	3	100
NC_000913.3	3512669	3512670	5	83.35
NC_000913.3	3512678	3512679	2	100
NC_000913.3	3512682	3512683	4	100
NC_000913.3	3512689	3512690	3	100
NC_000913.3	3512693	3512694	4	100
NC_000913.3	3512695	3512696	5	83.35
NC_000913.3	3512708	3512709	5	100
NC_000913.3	3512710	3512711	5	100
NC_000913.3	3512746	3512747	4	75
NC_000913.3	3512751	3512752	3	50
NC_000913.3	3512757	3512758	5	100
NC_000913.3	3512766	3512767	5	83.35
NC_000913.3	3512791	3512792	5	100
NC_000913.3	3512797	3512798	5	100
NC_000913.3	3512842	3512843	5	100
NC_000913.3	3512876	3512877	4	100
NC_000913.3	3512882	3512883	4	100
NC_000913.3	3512911	3512912	5	100
NC_000913.3	3512915	3512916	5	100
NC_000913.3	3512932	3512933	5	100
NC_000913.3	3512937	3512938	5	58.35
NC_000913.3	3512945	3512946	5	100
NC_000913.3	3512948	3512949	5	100
NC_000913.3	3512953	3512954	5	100
NC_000913.3	3512956	3512957	5	83.35
NC_000913.3	3512969	3512970	5	100
NC_000913.3	3512973	3512974	5	100
NC_000913.3	3512993	3512994	5	100
NC_000913.3	3512999	3513000	5	100
NC_000913.3	3513016	3513017	5	100
NC_000913.3	3513022	3513023	5	100
NC_000913.3	3513030	3513031	4	100
NC_000913.3	3513037	3513038	4	100
NC_000913.3	3513062	3513063	5	100
NC_000913.3	3513074	3513075	5	100
NC_000913.3	3513082	3513083	5	75
NC_000913.3	3513084	3513085	5	100
NC_000913.3	3513086	3513087	5	100
NC_000913.3	3513088	3513089	5	100
NC_000913.3	3513098	3513099	5	100
NC_000913.3	3513107	3513108	4	100
NC_000913.3	3513113	3513114	4	100
NC_000913.3	3513130	3513131	4	100
NC_000913.3	3513140	3513141	3	100
NC_000913.3	3513142	3513143	3	100
NC_000913.3	3513150	3513151	4	100
NC_000913.3	3513163	3513164	4	100
NC_000913.3	3513165	3513166	4	100
NC_000913.3	3513175	3513176	4	100
NC_000913.3	3513203	3513204	4	100
NC_000913.3	3513236	3513237	3	100
NC_000913.3	3513251	3513252	3	75
NC_000913.3	3513271	3513272	2	100
NC_000913.3	3513283	3513284	4	100
NC_000913.3	3513291	3513292	3	75
NC_000913.3	3513293	3513294	3	100
NC_000913.3	3513314	3513315	3	75
NC_000913.3	3513321	3513322	3	100
NC_000913.3	3513331	3513332	3	100
NC_000913.3	3513334	3513335	3	100
NC_000913.3	3513380	3513381	2	100
NC_000913.3	3513385	3513386	2	100
NC_000913.3	3513421	3513422	3	75
NC_000913.3	3513449	3513450	2	100
NC_000913.3	3513458	3513459	3	100
NC_000913.3	3513461	3513462	2	100
NC_000913.3	3513468	3513469	3	100
NC_000913.3	3513489	3513490	3	100
NC_000913.3	3513493	3513494	3	100
NC_000913.3	3513500	3513501	3	100
NC_000913.3	3513502	3513503	3	75
NC_000913.3	3513514	3513515	2	100
NC_000913.3	3513561	3513562	3	75
NC_000913.3	3513566	3513567	3	100
NC_000913.3	3513610	3513611	3	100
NC_000913.3	3513622	3513623	2	100
NC_000913.3	3513642	3513643	3	100
NC_000913.3	3513656	3513657	3	100
NC_000913.3	3513663	3513664	2	100
NC_000913.3	3513677	3513678	3	100
NC_000913.3	3513728	3513729	3	75
NC_000913.3	3501827	3501828	17	93.75
NC_000913.3	3501840	3501841	15	100
NC_000913.3	3501861	3501862	17	100
NC_000913.3	3501892	3501893	17	100
NC_000913.3	3501905	3501906	18	100
NC_000913.3	3501913	3501914	17	82.65
NC_000913.3	3501919	3501920	16	87.5
NC_000913.3	3501924	3501925	18	94.45
NC_000913.3	3501928	3501929	17	100
NC_000913.3	3501955	3501956	16	100
NC_000913.3	3501976	3501977	18	83.35
NC_000913.3	3501980	3501981	18	88.9
NC_000913.3	3501986	3501987	16	100
NC_000913.3	3501998	3501999	18	94.45
NC_000913.3	3502008	3502009	16	93.75
NC_000913.3	3502018	3502019	16	87.3
NC_000913.3	3502031	3502032	17	100
NC_000913.3	3502036	3502037	18	94.45
NC_000913.3	3502040	3502041	18	88.9
NC_000913.3	3502045	3502046	15	92.85
NC_000913.3	3502061	3502062	15	85.7
NC_000913.3	3502077	3502078	16	93.75
NC_000913.3	3502088	3502089	17	88.2
NC_000913.3	3502092	3502093	15	66.65
NC_000913.3	3502094	3502095	13	100
NC_000913.3	3502116	3502117	16	100
NC_000913.3	3502127	3502128	17	100
NC_000913.3	3502133	3502134	16	100
NC_000913.3	3502139	3502140	17	88.2
NC_000913.3	3502145	3502146	15	86.1
NC_000913.3	3502148	3502149	18	83.35
NC_000913.3	3502156	3502157	16	81.25
NC_000913.3	3502171	3502172	17	93.75
NC_000913.3	3502183	3502184	17	87.85
NC_000913.3	3502196	3502197	19	81.25
NC_000913.3	3502249	3502250	21	95.85
NC_000913.3	3502257	3502258	21	91.65
NC_000913.3	3502260	3502261	20	91.65
NC_000913.3	3502268	3502269	19	100
NC_000913.3	3502299	3502300	15	100
NC_000913.3	3502304	3502305	19	84.45
NC_000913.3	3502310	3502311	19	84.45
NC_000913.3	3502315	3502316	19	90.9
NC_000913.3	3502323	3502324	19	66.65
NC_000913.3	3502337	3502338	19	94.45
NC_000913.3	3502362	3502363	21	95.85
NC_000913.3	3502372	3502373	21	91.65
NC_000913.3	3502389	3502390	23	85.35
NC_000913.3	3502396	3502397	22	96.45
NC_000913.3	3502407	3502408	18	90
NC_000913.3	3502419	3502420	17	81.8
NC_000913.3	3502422	3502423	22	73.1
NC_000913.3	3502428	3502429	21	91.65
NC_000913.3	3502440	3502441	22	83.95
NC_000913.3	3502444	3502445	22	85.05
NC_000913.3	3502448	3502449	16	83.35
NC_000913.3	3502452	3502453	17	95
NC_000913.3	3502454	3502455	16	70.9
NC_000913.3	3502458	3502459	20	77.1
NC_000913.3	3502460	3502461	14	91.65
NC_000913.3	3502463	3502464	22	82.9
NC_000913.3	3502475	3502476	18	77.8
NC_000913.3	3502479	3502480	20	92.3
NC_000913.3	3502499	3502500	22	100
NC_000913.3	3502505	3502506	23	92.85
NC_000913.3	3502511	3502512	21	86.1
NC_000913.3	3502523	3502524	20	85.7
NC_000913.3	3502530	3502531	23	100
NC_000913.3	3502538	3502539	20	91.65
NC_000913.3	3502551	3502552	22	100
NC_000913.3	3502559	3502560	24	91.1
NC_000913.3	3502578	3502579	23	90.4
NC_000913.3	3502591	3502592	22	81.2
NC_000913.3	3502594	3502595	20	85.7
NC_000913.3	3502596	3502597	16	87.5
NC_000913.3	3502605	3502606	24	87.8
NC_000913.3	3502622	3502623	23	96.65
NC_000913.3	3502647	3502648	22	65.4
NC_000913.3	3502649	3502650	17	85
NC_000913.3	3502658	3502659	23	90.9
NC_000913.3	3502668	3502669	21	95.85
NC_000913.3	3502670	3502671	22	84.6
NC_000913.3	3502677	3502678	21	91.65
NC_000913.3	3502679	3502680	20	90.9
NC_000913.3	3502691	3502692	23	96.65
NC_000913.3	3502714	3502715	22	86.6
NC_000913.3	3502734	3502735	23	100
NC_000913.3	3502749	3502750	18	87.5
NC_000913.3	3502751	3502752	24	93.75
NC_000913.3	3502761	3502762	24	83.35
NC_000913.3	3502779	3502780	24	68.75
NC_000913.3	3502784	3502785	24	96.65
NC_000913.3	3502790	3502791	20	95.85
NC_000913.3	3502793	3502794	24	85.55
NC_000913.3	3502802	3502803	22	96.15
NC_000913.3	3502806	3502807	22	90.2
NC_000913.3	3502809	3502810	22	92.85
NC_000913.3	3502838	3502839	22	96.45
NC_000913.3	3502844	3502845	24	100
NC_000913.3	3502856	3502857	23	87.1
NC_000913.3	3514860	3514861	2	50
NC_000913.3	3514863	3514864	2	100
NC_000913.3	3514872	3514873	2	100
NC_000913.3	3514889	3514890	2	100
NC_000913.3	3514918	3514919	2	100
NC_000913.3	3514950	3514951	2	100
NC_000913.3	3514962	3514963	1	50
NC_000913.3	3514971	3514972	1	50
NC_000913.3	3514992	3514993	2	100
NC_000913.3	3515009	3515010	1	50
NC_000913.3	3515023	3515024	2	100
NC_000913.3	3515060	3515061	2	100
NC_000913.3	3515085	3515086	2	100
NC_000913.3	3515087	3515088	1	50
NC_000913.3	3515096	3515097	2	100
NC_000913.3	3515126	3515127	2	100
NC_000913.3	3515140	3515141	1	50
NC_000913.3	3515147	3515148	2	50
NC_000913.3	3515150	3515151	1	50
NC_000913.3	3515167	3515168	2	50
NC_000913.3	3515170	3515171	1	50
NC_000913.3	3515180	3515181	2	100
NC_000913.3	3515195	3515196	2	100
NC_000913.3	3515197	3515198	2	50
NC_000913.3	3515212	3515213	1	0
NC_000913.3	3515214	3515215	1	0
NC_000913.3	3515223	3515224	1	100
NC_000913.3	3515228	3515229	1	100
NC_000913.3	3515257	3515258	1	100
NC_000913.3	3515273	3515274	1	100
NC_000913.3	3515276	3515277	1	100
NC_000913.3	3515283	3515284	0	0
NC_000913.3	3515292	3515293	1	0
NC_000913.3	3515307	3515308	1	100
NC_000913.3	3515328	3515329	1	100
NC_000913.3	3515331	3515332	1	100
NC_000913.3	3515342	3515343	1	0
NC_000913.3	3515346	3515347	1	100
NC_000913.3	3515355	3515356	1	100
NC_000913.3	3515367	3515368	1	100
NC_000913.3	3515372	3515373	1	100
NC_000913.3	3515381	3515382	1	100
NC_000913.3	3515384	3515385	0	0
NC_000913.3	3515399	3515400	0	0
NC_000913.3	3515401	3515402	0	0
NC_000913.3	3515403	3515404	1	100
NC_000913.3	3515414	3515415	1	100
NC_000913.3	3515417	3515418	0	0
NC_000913.3	3515448	3515449	1	100
NC_000913.3	3515459	3515460	1	100
NC_000913.3	3515481	3515482	1	100
NC_000913.3	3515503	3515504	0	0
NC_000913.3	3515507	3515508	1	100
NC_000913.3	3515511	3515512	1	100
NC_000913.3	3515516	3515517	1	100
NC_000913.3	3515528	3515529	1	100
NC_000913.3	3515530	3515531	1	100
NC_000913.3	3515542	3515543	1	100
NC_000913.3	3515552	3515553	1	100
NC_000913.3	3515561	3515562	1	0
NC_000913.3	3515566	3515567	1	100
NC_000913.3	3515589	3515590	1	100
NC_000913.3	3515593	3515594	1	0
NC_000913.3	3515596	3515597	1	100
NC_000913.3	3515601	3515602	1	100
NC_000913.3	3515627	3515628	0	0
NC_000913.3	3515629	3515630	1	100
NC_000913.3	3513737	3513738	3	100
NC_000913.3	3513740	3513741	3	100
NC_000913.3	3513752	3513753	3	100
NC_000913.3	3513783	3513784	2	100
NC_000913.3	3513792	3513793	3	100
NC_000913.3	3513808	3513809	2	100
NC_000913.3	3513815	3513816	3	100
NC_000913.3	3513818	3513819	3	100
NC_000913.3	3513853	3513854	2	100
NC_000913.3	3513873	3513874	3	100
NC_000913.3	3513879	3513880	3	100
NC_000913.3	3513885	3513886	3	100
NC_000913.3	3513923	3513924	3	100
NC_000913.3	3513938	3513939	3	75
NC_000913.3	3513953	3513954	2	100
NC_000913.3	3513960	3513961	2	100
NC_000913.3	3513963	3513964	3	100
NC_000913.3	3513965	3513966	2	100
NC_000913.3	3513968	3513969	3	100
NC_000913.3	3513972	3513973	3	100
NC_000913.3	3513975	3513976	3	100
NC_000913.3	3513978	3513979	3	100
NC_000913.3	3514002	3514003	3	100
NC_000913.3	3514023	3514024	3	100
NC_000913.3	3514025	3514026	3	100
NC_000913.3	3514032	3514033	3	100
NC_000913.3	3514037	3514038	2	100
NC_000913.3	3514043	3514044	3	100
NC_000913.3	3514047	3514048	3	100
NC_000913.3	3514059	3514060	3	100
NC_000913.3	3514070	3514071	3	100
NC_000913.3	3514079	3514080	2	100
NC_000913.3	3514090	3514091	3	75
NC_000913.3	3514094	3514095	3	100
NC_000913.3	3514105	3514106	3	75
NC_000913.3	3514114	3514115	3	100
NC_000913.3	3514131	3514132	2	100
NC_000913.3	3514139	3514140	3	100
NC_000913.3	3514148	3514149	3	100
NC_000913.3	3514152	3514153	3	100
NC_000913.3	3514171	3514172	3	100
NC_000913.3	3514179	3514180	3	100
NC_000913.3	3514183	3514184	3	100
NC_000913.3	3514192	3514193	3	100
NC_000913.3	3514194	3514195	3	100
NC_000913.3	3514208	3514209	3	75
NC_000913.3	3514210	3514211	3	75
NC_000913.3	3514229	3514230	3	75
NC_000913.3	3514232	3514233	3	75
NC_000913.3	3514253	3514254	2	100
NC_000913.3	3514255	3514256	3	75
NC_000913.3	3514268	3514269	3	100
NC_000913.3	3514271	3514272	3	100
NC_000913.3	3514284	3514285	2	100
NC_000913.3	3514293	3514294	3	100
NC_000913.3	3514305	3514306	3	100
NC_000913.3	3514331	3514332	3	100
NC_000913.3	3514338	3514339	3	100
NC_000913.3	3514358	3514359	3	100
NC_000913.3	3514361	3514362	3	100
NC_000913.3	3514364	3514365	3	100
NC_000913.3	3514366	3514367	2	50
NC_000913.3	3514412	3514413	3	100
NC_000913.3	3514449	3514450	2	100
NC_000913.3	3514459	3514460	3	75
NC_000913.3	3514464	3514465	3	100
NC_000913.3	3514467	3514468	3	100
NC_000913.3	3514470	3514471	3	100
NC_000913.3	3514480	3514481	2	100
NC_000913.3	3514482	3514483	2	100
NC_000913.3	3514486	3514487	3	100
NC_000913.3	3514489	3514490	3	100
NC_000913.3	3514494	3514495	2	100
NC_000913.3	3514500	3514501	3	100
NC_000913.3	3514521	3514522	3	100
NC_000913.3	3514527	3514528	3	100
NC_000913.3	3514541	3514542	3	75
NC_000913.3	3514560	3514561	3	100
NC_000913.3	3514563	3514564	2	100
NC_000913.3	3514568	3514569	3	100
NC_000913.3	3514571	3514572	2	100
NC_000913.3	3514574	3514575	2	100
NC_000913.3	3514581	3514582	3	100
NC_000913.3	3514583	3514584	3	100
NC_000913.3	3514620	3514621	2	100
NC_000913.3	3514623	3514624	2	100
NC_000913.3	3514638	3514639	2	100
NC_000913.3	3514674	3514675	2	50
NC_000913.3	3514699	3514700	2	100
NC_000913.3	3514702	3514703	2	100
NC_000913.3	3514720	3514721	2	50
NC_000913.3	3514753	3514754	2	100
NC_000913.3	3514757	3514758	2	100
NC_000913.3	3514770	3514771	1	50
NC_000913.3	3514809	3514810	2	100
NC_000913.3	3514815	3514816	1	50
NC_000913.3	3514832	3514833	1	50
NC_000913.3	3514836	3514837	2	50
NC_000913.3	3514839	3514840	1	50
NC_000913.3	3509846	3509847	19	82.95
NC_000913.3	3509850	3509851	17	93.75
NC_000913.3	3509853	3509854	19	94.45
NC_000913.3	3509860	3509861	20	100
NC_000913.3	3509865	3509866	20	89.9
NC_000913.3	3509870	3509871	18	86.35
NC_000913.3	3509880	3509881	19	100
NC_000913.3	3509898	3509899	19	90.9
NC_000913.3	3509903	3509904	18	88.9
NC_000913.3	3509920	3509921	15	100
NC_000913.3	3509924	3509925	18	88.75
NC_000913.3	3509953	3509954	19	89.45
NC_000913.3	3509961	3509962	17	50.7
NC_000913.3	3509971	3509972	18	87.5
NC_000913.3	3509985	3509986	20	84.35
NC_000913.3	3510043	3510044	16	94.45
NC_000913.3	3510055	3510056	18	100
NC_000913.3	3510064	3510065	17	95.45
NC_000913.3	3510074	3510075	19	93.75
NC_000913.3	3510077	3510078	19	82.95
NC_000913.3	3510087	3510088	18	87.5
NC_000913.3	3510090	3510091	20	74.25
NC_000913.3	3510093	3510094	17	78.55
NC_000913.3	3510108	3510109	17	100
NC_000913.3	3510113	3510114	17	100
NC_000913.3	3510148	3510149	13	92.85
NC_000913.3	3510150	3510151	17	66.65
NC_000913.3	3510155	3510156	16	73
NC_000913.3	3510168	3510169	17	100
NC_000913.3	3510184	3510185	17	100
NC_000913.3	3510196	3510197	16	92.85
NC_000913.3	3510202	3510203	17	88.9
NC_000913.3	3510210	3510211	17	77.1
NC_000913.3	3510216	3510217	15	100
NC_000913.3	3510231	3510232	17	88.2
NC_000913.3	3510238	3510239	15	100
NC_000913.3	3510253	3510254	16	81.25
NC_000913.3	3510268	3510269	16	100
NC_000913.3	3510277	3510278	15	93.75
NC_000913.3	3510279	3510280	16	81.25
NC_000913.3	3510310	3510311	17	93.75
NC_000913.3	3510323	3510324	12	100
NC_000913.3	3510337	3510338	14	91.65
NC_000913.3	3510349	3510350	16	100
NC_000913.3	3510355	3510356	15	92.85
NC_000913.3	3510369	3510370	15	100
NC_000913.3	3510411	3510412	14	100
NC_000913.3	3510444	3510445	15	87.5
NC_000913.3	3510447	3510448	16	87.5
NC_000913.3	3510457	3510458	15	93.75
NC_000913.3	3510480	3510481	14	85.4
NC_000913.3	3510493	3510494	13	92.85
NC_000913.3	3510510	3510511	13	91.65
NC_000913.3	3510513	3510514	14	85.4
NC_000913.3	3510545	3510546	14	78.55
NC_000913.3	3510549	3510550	10	90
NC_000913.3	3510559	3510560	14	92.85
NC_000913.3	3510562	3510563	13	76.2
NC_000913.3	3510565	3510566	11	90
NC_000913.3	3510578	3510579	13	69.05
NC_000913.3	3510580	3510581	12	58.35
NC_000913.3	3510588	3510589	12	100
NC_000913.3	3510600	3510601	13	100
NC_000913.3	3510609	3510610	13	77.35
NC_000913.3	3510612	3510613	13	84.5
NC_000913.3	3510627	3510628	12	92.85
NC_000913.3	3510630	3510631	12	100
NC_000913.3	3510676	3510677	13	92.85
NC_000913.3	3510693	3510694	11	90
NC_000913.3	3510695	3510696	9	100
NC_000913.3	3510698	3510699	14	71.4
NC_000913.3	3510707	3510708	13	84.5
NC_000913.3	3510709	3510710	12	100
NC_000913.3	3510727	3510728	13	91.65
NC_000913.3	3510738	3510739	14	78.55
NC_000913.3	3510766	3510767	13	77.35
NC_000913.3	3510775	3510776	11	91.65
NC_000913.3	3510782	3510783	12	83.35
NC_000913.3	3510819	3510820	14	85.7
NC_000913.3	3510827	3510828	13	91.65
NC_000913.3	3510829	3510830	11	100
NC_000913.3	3510832	3510833	11	81.65
NC_000913.3	3510845	3510846	13	100
NC_000913.3	3510852	3510853	12	91.65
NC_000913.3	3510873	3510874	14	92.85
NC_000913.3	3510876	3510877	12	91.65
NC_000913.3	3510892	3510893	14	100
NC_000913.3	3510897	3510898	13	84.5
NC_000913.3	3510927	3510928	11	90
NC_000913.3	3510930	3510931	13	92.85
NC_000913.3	3510940	3510941	13	92.85
NC_000913.3	3510943	3510944	12	83.3
NC_000913.3	3510953	3510954	10	80
NC_000913.3	3510986	3510987	13	77.35
NC_000913.3	3511037	3511038	12	75
NC_000913.3	3511040	3511041	12	85.7
NC_000913.3	3511051	3511052	8	90
NC_000913.3	3511070	3511071	12	91.65
NC_000913.3	3511125	3511126	9	100
NC_000913.3	3511142	3511143	13	92.85
NC_000913.3	3502859	3502860	23	96.9
NC_000913.3	3502861	3502862	24	96.65
NC_000913.3	3502878	3502879	22	96.15
NC_000913.3	3502887	3502888	24	100
NC_000913.3	3502889	3502890	22	93.75
NC_000913.3	3502892	3502893	25	96.9
NC_000913.3	3502904	3502905	23	87.1
NC_000913.3	3502910	3502911	25	100
NC_000913.3	3502926	3502927	21	89.9
NC_000913.3	3502938	3502939	24	87.5
NC_000913.3	3502948	3502949	24	100
NC_000913.3	3502965	3502966	22	96.45
NC_000913.3	3502971	3502972	23	83.75
NC_000913.3	3502974	3502975	22	82.15
NC_000913.3	3502983	3502984	23	93.35
NC_000913.3	3502988	3502989	22	100
NC_000913.3	3503018	3503019	25	94.45
NC_000913.3	3503023	3503024	24	96.9
NC_000913.3	3503035	3503036	24	84.35
NC_000913.3	3503037	3503038	23	87.3
NC_000913.3	3503050	3503051	24	91.1
NC_000913.3	3503072	3503073	25	100
NC_000913.3	3503087	3503088	23	96.65
NC_000913.3	3503100	3503101	18	94.45
NC_000913.3	3503119	3503120	23	96.45
NC_000913.3	3503126	3503127	24	100
NC_000913.3	3503134	3503135	22	84.6
NC_000913.3	3503140	3503141	25	93.75
NC_000913.3	3503142	3503143	21	92.85
NC_000913.3	3503144	3503145	23	93.75
NC_000913.3	3503153	3503154	25	100
NC_000913.3	3503179	3503180	23	84.15
NC_000913.3	3503186	3503187	24	100
NC_000913.3	3503189	3503190	24	96.65
NC_000913.3	3503198	3503199	24	93.75
NC_000913.3	3503201	3503202	22	87.5
NC_000913.3	3503212	3503213	22	96.15
NC_000913.3	3503227	3503228	24	90.65
NC_000913.3	3503237	3503238	24	96.65
NC_000913.3	3503245	3503246	25	88.2
NC_000913.3	3503257	3503258	23	92.85
NC_000913.3	3503271	3503272	22	90.2
NC_000913.3	3503276	3503277	23	100
NC_000913.3	3503287	3503288	22	100
NC_000913.3	3503312	3503313	22	92.3
NC_000913.3	3503321	3503322	25	100
NC_000913.3	3503345	3503346	22	100
NC_000913.3	3503349	3503350	23	96.45
NC_000913.3	3503357	3503358	24	100
NC_000913.3	3503360	3503361	24	96.9
NC_000913.3	3503380	3503381	21	77.8
NC_000913.3	3503387	3503388	21	92.3
NC_000913.3	3503390	3503391	23	100
NC_000913.3	3503396	3503397	21	91.65
NC_000913.3	3503420	3503421	21	84.6
NC_000913.3	3503430	3503431	25	90.6
NC_000913.3	3503432	3503433	22	96.45
NC_000913.3	3503441	3503442	19	100
NC_000913.3	3503450	3503451	25	94.45
NC_000913.3	3503456	3503457	23	96.9
NC_000913.3	3503465	3503466	24	100
NC_000913.3	3503492	3503493	26	94.1
NC_000913.3	3503503	3503504	23	92.85
NC_000913.3	3503522	3503523	19	91.65
NC_000913.3	3503524	3503525	17	94.45
NC_000913.3	3503542	3503543	23	100
NC_000913.3	3503549	3503550	26	93.75
NC_000913.3	3503567	3503568	20	95
NC_000913.3	3503572	3503573	26	86.9
NC_000913.3	3503585	3503586	25	90.8
NC_000913.3	3503591	3503592	24	91.1
NC_000913.3	3503600	3503601	25	100
NC_000913.3	3503617	3503618	22	93.75
NC_000913.3	3503638	3503639	25	91.65
NC_000913.3	3503645	3503646	25	100
NC_000913.3	3503663	3503664	25	90
NC_000913.3	3503668	3503669	24	93.35
NC_000913.3	3503678	3503679	22	75
NC_000913.3	3503683	3503684	24	92.85
NC_000913.3	3503688	3503689	25	100
NC_000913.3	3503704	3503705	26	91.9
NC_000913.3	3503715	3503716	20	100
NC_000913.3	3503720	3503721	24	96.65
NC_000913.3	3503740	3503741	26	97.05
NC_000913.3	3503753	3503754	26	84.4
NC_000913.3	3503774	3503775	22	86.65
NC_000913.3	3503776	3503777	24	100
NC_000913.3	3503787	3503788	26	100
NC_000913.3	3503803	3503804	26	96.9
NC_000913.3	3503809	3503810	24	100
NC_000913.3	3503816	3503817	26	85.3
NC_000913.3	3503831	3503832	26	100
NC_000913.3	3503839	3503840	25	87.5
NC_000913.3	3503849	3503850	27	95
NC_000913.3	3503861	3503862	24	81.25
NC_000913.3	3503872	3503873	21	92.85
NC_000913.3	3503887	3503888	25	96.9
NC_000913.3	3503893	3503894	27	90
NC_000913.3	3503899	3503900	21	100
NC_000913.3	3503908	3503909	26	75.6
NC_000913.3	3508559	3508560	29	96.65
NC_000913.3	3508572	3508573	27	96.45
NC_000913.3	3508575	3508576	29	93.35
NC_000913.3	3508608	3508609	30	93.75
NC_000913.3	3508629	3508630	31	100
NC_000913.3	3508643	3508644	26	92.3
NC_000913.3	3508649	3508650	25	82.8
NC_000913.3	3508651	3508652	24	80.05
NC_000913.3	3508653	3508654	21	76.4
NC_000913.3	3508669	3508670	30	96.45
NC_000913.3	3508691	3508692	29	100
NC_000913.3	3508698	3508699	29	86.2
NC_000913.3	3508705	3508706	28	96.15
NC_000913.3	3508712	3508713	31	96.9
NC_000913.3	3508717	3508718	29	93.75
NC_000913.3	3508756	3508757	26	80.75
NC_000913.3	3508758	3508759	26	88.7
NC_000913.3	3508784	3508785	30	90.2
NC_000913.3	3508789	3508790	30	93.75
NC_000913.3	3508795	3508796	30	100
NC_000913.3	3508802	3508803	30	89.75
NC_000913.3	3508810	3508811	28	96.15
NC_000913.3	3508835	3508836	29	93.35
NC_000913.3	3508848	3508849	28	96.15
NC_000913.3	3508860	3508861	25	84.3
NC_000913.3	3508867	3508868	29	96.45
NC_000913.3	3508878	3508879	27	92.6
NC_000913.3	3508882	3508883	29	93.1
NC_000913.3	3508890	3508891	29	93.1
NC_000913.3	3508894	3508895	28	85.75
NC_000913.3	3508897	3508898	25	95.85
NC_000913.3	3508915	3508916	30	93.3
NC_000913.3	3508921	3508922	30	96.65
NC_000913.3	3508949	3508950	26	95.85
NC_000913.3	3508952	3508953	28	92.3
NC_000913.3	3508955	3508956	29	100
NC_000913.3	3508972	3508973	27	84.15
NC_000913.3	3508995	3508996	25	91.9
NC_000913.3	3509026	3509027	24	95
NC_000913.3	3509044	3509045	26	92.3
NC_000913.3	3509071	3509072	24	95.45
NC_000913.3	3509080	3509081	25	91.9
NC_000913.3	3509122	3509123	25	82.8
NC_000913.3	3509125	3509126	27	95.85
NC_000913.3	3509143	3509144	24	95
NC_000913.3	3509155	3509156	25	96.15
NC_000913.3	3509167	3509168	27	81.6
NC_000913.3	3509175	3509176	24	71.15
NC_000913.3	3509177	3509178	22	93.75
NC_000913.3	3509180	3509181	28	81.25
NC_000913.3	3509199	3509200	28	96.15
NC_000913.3	3509218	3509219	26	96.45
NC_000913.3	3509224	3509225	25	96.45
NC_000913.3	3509232	3509233	24	100
NC_000913.3	3509242	3509243	23	90
NC_000913.3	3509271	3509272	27	91.65
NC_000913.3	3509275	3509276	25	85
NC_000913.3	3509292	3509293	22	88.9
NC_000913.3	3509296	3509297	22	96.65
NC_000913.3	3509301	3509302	25	83.35
NC_000913.3	3509317	3509318	23	95.85
NC_000913.3	3509320	3509321	22	86.75
NC_000913.3	3509347	3509348	26	95.85
NC_000913.3	3509375	3509376	22	100
NC_000913.3	3509380	3509381	25	82.8
NC_000913.3	3509389	3509390	24	95
NC_000913.3	3509396	3509397	23	94.45
NC_000913.3	3509402	3509403	24	100
NC_000913.3	3509434	3509435	21	100
NC_000913.3	3509439	3509440	24	90
NC_000913.3	3509442	3509443	24	91.45
NC_000913.3	3509461	3509462	23	91.3
NC_000913.3	3509484	3509485	22	100
NC_000913.3	3509497	3509498	21	90
NC_000913.3	3509499	3509500	20	100
NC_000913.3	3509511	3509512	22	81.25
NC_000913.3	3509516	3509517	21	95.85
NC_000913.3	3509519	3509520	20	91.65
NC_000913.3	3509525	3509526	24	82.85
NC_000913.3	3509529	3509530	23	100
NC_000913.3	3509531	3509532	22	100
NC_000913.3	3509566	3509567	21	88.9
NC_000913.3	3509593	3509594	21	100
NC_000913.3	3509605	3509606	21	81.8
NC_000913.3	3509615	3509616	22	95
NC_000913.3	3509626	3509627	23	88.9
NC_000913.3	3509633	3509634	23	92.3
NC_000913.3	3509647	3509648	23	100
NC_000913.3	3509663	3509664	21	100
NC_000913.3	3509672	3509673	20	90.9
NC_000913.3	3509690	3509691	21	96.15
NC_000913.3	3509723	3509724	21	88.9
NC_000913.3	3509729	3509730	20	100
NC_000913.3	3509738	3509739	20	85.35
NC_000913.3	3509742	3509743	22	85.05
NC_000913.3	3509750	3509751	18	100
NC_000913.3	3509773	3509774	21	96.15
NC_000913.3	3509805	3509806	20	93.75
NC_000913.3	3509807	3509808	17	100
NC_000913.3	3509815	3509816	17	90
NC_000913.3	3503911	3503912	24	87.5
NC_000913.3	3503915	3503916	23	100
NC_000913.3	3503917	3503918	25	88.2
NC_000913.3	3503920	3503921	21	87.5
NC_000913.3	3503939	3503940	26	100
NC_000913.3	3503958	3503959	27	91.2
NC_000913.3	3503964	3503965	28	100
NC_000913.3	3503978	3503979	28	94.45
NC_000913.3	3503984	3503985	27	97.05
NC_000913.3	3503999	3504000	27	100
NC_000913.3	3504006	3504007	24	90
NC_000913.3	3504019	3504020	26	90.6
NC_000913.3	3504046	3504047	22	92.85
NC_000913.3	3504061	3504062	28	91.8
NC_000913.3	3504066	3504067	29	97.35
NC_000913.3	3504089	3504090	22	90.6
NC_000913.3	3504095	3504096	24	93.75
NC_000913.3	3504099	3504100	20	92.3
NC_000913.3	3504105	3504106	26	88.55
NC_000913.3	3504122	3504123	24	70
NC_000913.3	3504124	3504125	25	91.65
NC_000913.3	3504143	3504144	28	97.2
NC_000913.3	3504161	3504162	26	100
NC_000913.3	3504167	3504168	26	81.25
NC_000913.3	3504188	3504189	29	100
NC_000913.3	3504195	3504196	28	97.2
NC_000913.3	3504207	3504208	28	89.45
NC_000913.3	3504221	3504222	26	97.05
NC_000913.3	3504236	3504237	25	86.65
NC_000913.3	3504239	3504240	28	100
NC_000913.3	3504249	3504250	29	100
NC_000913.3	3504296	3504297	30	90
NC_000913.3	3504323	3504324	30	94.45
NC_000913.3	3504332	3504333	30	100
NC_000913.3	3504349	3504350	31	87.6
NC_000913.3	3504352	3504353	28	81.1
NC_000913.3	3504368	3504369	32	90.7
NC_000913.3	3504378	3504379	28	82.35
NC_000913.3	3504386	3504387	29	100
NC_000913.3	3504389	3504390	31	92.85
NC_000913.3	3504391	3504392	28	86.25
NC_000913.3	3504394	3504395	31	90.25
NC_000913.3	3504401	3504402	30	92.5
NC_000913.3	3504419	3504420	31	100
NC_000913.3	3504428	3504429	31	92.5
NC_000913.3	3504447	3504448	29	100
NC_000913.3	3504461	3504462	30	93.75
NC_000913.3	3504472	3504473	34	100
NC_000913.3	3504499	3504500	32	95.45
NC_000913.3	3504505	3504506	29	97.35
NC_000913.3	3504507	3504508	33	88.5
NC_000913.3	3504533	3504534	32	88.1
NC_000913.3	3504536	3504537	31	92.95
NC_000913.3	3504570	3504571	33	87.85
NC_000913.3	3504580	3504581	32	88.3
NC_000913.3	3504582	3504583	29	97.2
NC_000913.3	3504593	3504594	28	97.05
NC_000913.3	3504608	3504609	30	94.75
NC_000913.3	3504620	3504621	29	89.9
NC_000913.3	3504627	3504628	30	100
NC_000913.3	3504631	3504632	30	82.5
NC_000913.3	3504653	3504654	33	95.65
NC_000913.3	3504662	3504663	30	87.5
NC_000913.3	3504667	3504668	31	85.25
NC_000913.3	3504675	3504676	32	88.3
NC_000913.3	3504689	3504690	31	90
NC_000913.3	3504712	3504713	31	100
NC_000913.3	3504719	3504720	30	100
NC_000913.3	3504725	3504726	31	97.5
NC_000913.3	3504738	3504739	25	87.85
NC_000913.3	3504740	3504741	27	89.2
NC_000913.3	3504747	3504748	33	79.55
NC_000913.3	3504784	3504785	32	95
NC_000913.3	3504791	3504792	34	93.6
NC_000913.3	3504802	3504803	31	86.85
NC_000913.3	3504811	3504812	33	97.6
NC_000913.3	3504817	3504818	29	88.25
NC_000913.3	3504820	3504821	31	74.8
NC_000913.3	3504829	3504830	28	84.4
NC_000913.3	3504831	3504832	31	95
NC_000913.3	3504848	3504849	32	93.35
NC_000913.3	3504852	3504853	30	92.8
NC_000913.3	3504886	3504887	34	97.85
NC_000913.3	3504895	3504896	31	85.3
NC_000913.3	3504904	3504905	33	86.35
NC_000913.3	3504919	3504920	33	91.1
NC_000913.3	3504956	3504957	31	91.65
NC_000913.3	3504965	3504966	31	81.1
NC_000913.3	3504973	3504974	36	96.45
NC_000913.3	3504984	3504985	36	97.75
NC_000913.3	3504989	3504990	35	86.2
NC_000913.3	3504994	3504995	33	82.85
NC_000913.3	3505004	3505005	33	92.5
NC_000913.3	3505009	3505010	34	83.95
NC_000913.3	3505033	3505034	32	90.9
NC_000913.3	3505040	3505041	33	91.15
NC_000913.3	3505045	3505046	36	87.35
NC_000913.3	3505050	3505051	35	91.65
NC_000913.3	3505058	3505059	35	100
NC_000913.3	3505069	3505070	36	91.9
NC_000913.3	3507397	3507398	35	89.45
NC_000913.3	3507410	3507411	36	91.65
NC_000913.3	3507427	3507428	37	94.1
NC_000913.3	3507439	3507440	35	90
NC_000913.3	3507448	3507449	34	83.2
NC_000913.3	3507455	3507456	35	85.45
NC_000913.3	3507506	3507507	35	100
NC_000913.3	3507508	3507509	35	88.4
NC_000913.3	3507518	3507519	39	79.4
NC_000913.3	3507527	3507528	34	87.8
NC_000913.3	3507529	3507530	34	94.1
NC_000913.3	3507533	3507534	31	100
NC_000913.3	3507538	3507539	35	97.05
NC_000913.3	3507548	3507549	31	93.55
NC_000913.3	3507550	3507551	34	87.35
NC_000913.3	3507553	3507554	34	88.25
NC_000913.3	3507574	3507575	33	91.65
NC_000913.3	3507593	3507594	36	82.5
NC_000913.3	3507604	3507605	37	91.6
NC_000913.3	3507638	3507639	34	88.1
NC_000913.3	3507641	3507642	33	81.8
NC_000913.3	3507669	3507670	37	94.75
NC_000913.3	3507685	3507686	33	93.75
NC_000913.3	3507739	3507740	35	96.9
NC_000913.3	3507758	3507759	34	96.9
NC_000913.3	3507781	3507782	33	93.95
NC_000913.3	3507789	3507790	29	73.8
NC_000913.3	3507830	3507831	34	94.1
NC_000913.3	3507850	3507851	32	97.05
NC_000913.3	3507853	3507854	31	94.1
NC_000913.3	3507855	3507856	30	89.3
NC_000913.3	3507867	3507868	33	91
NC_000913.3	3507878	3507879	30	86.65
NC_000913.3	3507880	3507881	32	90
NC_000913.3	3507895	3507896	28	91.65
NC_000913.3	3507899	3507900	30	90
NC_000913.3	3507901	3507902	28	89.6
NC_000913.3	3507906	3507907	30	96.65
NC_000913.3	3507918	3507919	32	65.65
NC_000913.3	3507925	3507926	33	83.85
NC_000913.3	3507932	3507933	31	91.2
NC_000913.3	3507936	3507937	32	93.8
NC_000913.3	3507956	3507957	33	82
NC_000913.3	3507965	3507966	32	90
NC_000913.3	3507974	3507975	27	92.35
NC_000913.3	3507978	3507979	28	89.6
NC_000913.3	3507980	3507981	27	89.2
NC_000913.3	3507983	3507984	32	93.65
NC_000913.3	3507989	3507990	33	93.35
NC_000913.3	3508010	3508011	30	92.85
NC_000913.3	3508028	3508029	33	93.85
NC_000913.3	3508040	3508041	31	92.3
NC_000913.3	3508046	3508047	30	76.9
NC_000913.3	3508048	3508049	25	90
NC_000913.3	3508050	3508051	29	85.75
NC_000913.3	3508064	3508065	31	97.05
NC_000913.3	3508080	3508081	31	97.2
NC_000913.3	3508101	3508102	30	93.35
NC_000913.3	3508110	3508111	29	86.65
NC_000913.3	3508113	3508114	23	85.35
NC_000913.3	3508119	3508120	29	93.05
NC_000913.3	3508128	3508129	28	93.35
NC_000913.3	3508132	3508133	29	100
NC_000913.3	3508136	3508137	31	94.1
NC_000913.3	3508149	3508150	29	100
NC_000913.3	3508155	3508156	29	95.85
NC_000913.3	3508160	3508161	31	100
NC_000913.3	3508185	3508186	31	90.25
NC_000913.3	3508188	3508189	29	93.35
NC_000913.3	3508202	3508203	28	100
NC_000913.3	3508211	3508212	31	97.05
NC_000913.3	3508218	3508219	30	89.35
NC_000913.3	3508220	3508221	30	87.05
NC_000913.3	3508229	3508230	28	92.75
NC_000913.3	3508242	3508243	30	96.9
NC_000913.3	3508250	3508251	30	97.05
NC_000913.3	3508271	3508272	31	89.3
NC_000913.3	3508284	3508285	27	92.85
NC_000913.3	3508298	3508299	32	100
NC_000913.3	3508303	3508304	28	100
NC_000913.3	3508308	3508309	27	100
NC_000913.3	3508320	3508321	26	91.65
NC_000913.3	3508329	3508330	29	91.65
NC_000913.3	3508331	3508332	27	92.85
NC_000913.3	3508346	3508347	29	92.85
NC_000913.3	3508361	3508362	31	96.9
NC_000913.3	3508371	3508372	31	96.9
NC_000913.3	3508376	3508377	29	100
NC_000913.3	3508378	3508379	30	97.05
NC_000913.3	3508401	3508402	29	89.8
NC_000913.3	3508408	3508409	26	95.45
NC_000913.3	3508420	3508421	28	95.45
NC_000913.3	3508444	3508445	28	89.55
NC_000913.3	3508448	3508449	29	95.85
NC_000913.3	3508453	3508454	30	97.05
NC_000913.3	3508466	3508467	28	90.6
NC_000913.3	3508488	3508489	29	85.75
NC_000913.3	3508504	3508505	29	100
NC_000913.3	3508514	3508515	32	93.7
NC_000913.3	3508529	3508530	32	97.05
NC_000913.3	3505072	3505073	36	95.25
NC_000913.3	3505087	3505088	38	100
NC_000913.3	3505102	3505103	34	100
NC_000913.3	3505119	3505120	37	88.5
NC_000913.3	3505121	3505122	35	93.2
NC_000913.3	3505129	3505130	35	96.65
NC_000913.3	3505149	3505150	33	100
NC_000913.3	3505156	3505157	35	95.45
NC_000913.3	3505170	3505171	38	96.9
NC_000913.3	3505186	3505187	35	91.65
NC_000913.3	3505192	3505193	38	94.65
NC_000913.3	3505207	3505208	36	90
NC_000913.3	3505209	3505210	33	90.55
NC_000913.3	3505222	3505223	38	90.9
NC_000913.3	3505228	3505229	33	88.1
NC_000913.3	3505236	3505237	37	97.75
NC_000913.3	3505256	3505257	39	88.45
NC_000913.3	3505279	3505280	35	89.3
NC_000913.3	3505281	3505282	36	100
NC_000913.3	3505294	3505295	37	90.9
NC_000913.3	3505310	3505311	34	97.05
NC_000913.3	3505324	3505325	40	100
NC_000913.3	3505332	3505333	40	94.9
NC_000913.3	3505350	3505351	38	91.2
NC_000913.3	3505353	3505354	38	86.95
NC_000913.3	3505363	3505364	39	94.8
NC_000913.3	3505368	3505369	37	92.85
NC_000913.3	3505370	3505371	39	95.65
NC_000913.3	3505376	3505377	40	97.75
NC_000913.3	3505395	3505396	42	91.65
NC_000913.3	3505398	3505399	40	90.9
NC_000913.3	3505450	3505451	41	93.2
NC_000913.3	3505459	3505460	42	100
NC_000913.3	3505461	3505462	43	95.25
NC_000913.3	3505464	3505465	43	91.1
NC_000913.3	3505476	3505477	43	95.25
NC_000913.3	3505481	3505482	41	91.3
NC_000913.3	3505498	3505499	31	86.35
NC_000913.3	3505512	3505513	41	93.2
NC_000913.3	3505519	3505520	39	100
NC_000913.3	3505534	3505535	40	95.45
NC_000913.3	3505536	3505537	41	93.5
NC_000913.3	3505538	3505539	41	90.7
NC_000913.3	3505543	3505544	39	94.8
NC_000913.3	3505566	3505567	41	97.75
NC_000913.3	3505579	3505580	38	82.95
NC_000913.3	3505589	3505590	39	97.5
NC_000913.3	3505591	3505592	37	94.4
NC_000913.3	3505606	3505607	43	100
NC_000913.3	3505609	3505610	44	95.85
NC_000913.3	3505615	3505616	43	100
NC_000913.3	3505626	3505627	44	86.75
NC_000913.3	3505629	3505630	40	93.5
NC_000913.3	3505632	3505633	40	92.5
NC_000913.3	3505648	3505649	40	97.6
NC_000913.3	3505678	3505679	43	95.35
NC_000913.3	3505706	3505707	38	89.45
NC_000913.3	3505711	3505712	41	92
NC_000913.3	3505714	3505715	42	90.95
NC_000913.3	3505726	3505727	42	93.05
NC_000913.3	3505728	3505729	40	86.65
NC_000913.3	3505745	3505746	41	97.6
NC_000913.3	3505753	3505754	42	97.9
NC_000913.3	3505768	3505769	41	92.3
NC_000913.3	3505776	3505777	42	95
NC_000913.3	3505779	3505780	42	92.85
NC_000913.3	3505781	3505782	38	97.5
NC_000913.3	3505786	3505787	39	93.2
NC_000913.3	3505788	3505789	42	92.6
NC_000913.3	3505798	3505799	43	95.45
NC_000913.3	3505800	3505801	44	95.45
NC_000913.3	3505813	3505814	45	97.75
NC_000913.3	3505816	3505817	43	97.5
NC_000913.3	3505827	3505828	43	100
NC_000913.3	3505859	3505860	44	95.45
NC_000913.3	3505869	3505870	35	86.9
NC_000913.3	3505871	3505872	35	85.35
NC_000913.3	3505873	3505874	41	90.25
NC_000913.3	3505891	3505892	39	100
NC_000913.3	3505908	3505909	45	84.8
NC_000913.3	3505923	3505924	44	88.65
NC_000913.3	3505929	3505930	45	95.6
NC_000913.3	3505940	3505941	40	88.65
NC_000913.3	3505960	3505961	43	92.85
NC_000913.3	3505978	3505979	43	100
NC_000913.3	3505990	3505991	47	89.35
NC_000913.3	3506011	3506012	46	97.9
NC_000913.3	3506037	3506038	43	90.6
NC_000913.3	3506042	3506043	44	62.15
NC_000913.3	3506081	3506082	46	93.75
NC_000913.3	3506099	3506100	42	95.65
NC_000913.3	3506103	3506104	40	92.6
NC_000913.3	3506109	3506110	37	84.55
NC_000913.3	3506124	3506125	42	100
NC_000913.3	3506128	3506129	44	83.35
NC_000913.3	3506141	3506142	42	87.75
NC_000913.3	3506163	3506164	42	90.45
NC_000913.3	3506165	3506166	43	74.65
NC_000913.3	3506177	3506178	42	92.75
NC_000913.3	3506187	3506188	40	90.4
NC_000913.3	3506204	3506205	39	89.7
NC_000913.3	3506211	3506212	40	95
NC_000913.3	3506216	3506217	46	93.6
NC_000913.3	3506226	3506227	40	97.5
NC_000913.3	3506252	3506253	39	82.1
NC_000913.3	3506257	3506258	41	92.75
NC_000913.3	3506268	3506269	44	97.75
NC_000913.3	3506271	3506272	46	78.4
NC_000913.3	3506278	3506279	40	82.85
NC_000913.3	3506283	3506284	41	77.85
NC_000913.3	3506286	3506287	39	80.95
NC_000913.3	3506293	3506294	44	84.1
NC_000913.3	3506309	3506310	38	94.45
NC_000913.3	3506313	3506314	43	92.85
NC_000913.3	3506317	3506318	40	76.3
NC_000913.3	3506334	3506335	39	90
NC_000913.3	3506337	3506338	43	95.35
NC_000913.3	3506351	3506352	40	92.5
NC_000913.3	3506361	3506362	42	95.25
NC_000913.3	3506373	3506374	43	93.2
NC_000913.3	3506379	3506380	42	92.85
NC_000913.3	3506382	3506383	44	90.9
NC_000913.3	3506397	3506398	45	97.85
NC_000913.3	3506418	3506419	43	88.5
NC_000913.3	3506436	3506437	38	92.1
NC_000913.3	3506445	3506446	41	85.6
NC_000913.3	3506447	3506448	41	89.45
NC_000913.3	3506463	3506464	42	85
NC_000913.3	3506480	3506481	39	86.1
NC_000913.3	3506482	3506483	37	84.4
NC_000913.3	3506502	3506503	44	93.5
NC_000913.3	3506517	3506518	39	100
NC_000913.3	3506523	3506524	43	90.35
NC_000913.3	3506532	3506533	42	90.25
NC_000913.3	3506535	3506536	43	87.85
NC_000913.3	3506540	3506541	44	93.25
NC_000913.3	3506546	3506547	39	97.05
NC_000913.3	3506574	3506575	43	93.15
NC_000913.3	3506612	3506613	38	88.9
NC_000913.3	3506615	3506616	39	90.5
NC_000913.3	3506633	3506634	39	94.85
NC_000913.3	3506639	3506640	40	95
NC_000913.3	3506665	3506666	35	89
NC_000913.3	3506670	3506671	38	86.45
NC_000913.3	3506674	3506675	42	85.1
NC_000913.3	3506688	3506689	41	95.1
NC_000913.3	3506696	3506697	40	90.2
NC_000913.3	3506722	3506723	44	95.45
NC_000913.3	3506728	3506729	42	88.4
NC_000913.3	3506735	3506736	43	95.85
NC_000913.3	3506745	3506746	41	85
NC_000913.3	3506747	3506748	42	95.25
NC_000913.3	3506783	3506784	40	92.2
NC_000913.3	3506815	3506816	35	97.05
NC_000913.3	3506819	3506820	34	85.7
NC_000913.3	3506830	3506831	42	97.6
NC_000913.3	3506849	3506850	40	97.35
NC_000913.3	3506852	3506853	40	92.35
NC_000913.3	3506855	3506856	43	90.35
NC_000913.3	3506892	3506893	37	81.2
NC_000913.3	3506901	3506902	41	95.1
NC_000913.3	3506928	3506929	42	97.35
NC_000913.3	3506931	3506932	44	93.35
NC_000913.3	3506967	3506968	41	100
NC_000913.3	3506973	3506974	36	95
NC_000913.3	3506975	3506976	39	79.75
NC_000913.3	3507020	3507021	42	97.85
NC_000913.3	3507032	3507033	41	92.75
NC_000913.3	3507045	3507046	42	95.2
NC_000913.3	3507063	3507064	37	89.75
NC_000913.3	3507071	3507072	37	94.45
NC_000913.3	3507074	3507075	41	87.95
NC_000913.3	3507083	3507084	42	97.75
NC_000913.3	3507107	3507108	40	93.75
NC_000913.3	3507119	3507120	40	84.45
NC_000913.3	3507147	3507148	41	95.1
NC_000913.3	3507179	3507180	40	87.05
NC_000913.3	3507189	3507190	41	94.75
NC_000913.3	3507194	3507195	40	82.55
NC_000913.3	3507196	3507197	36	74.45
NC_000913.3	3507199	3507200	39	87.95
NC_000913.3	3507225	3507226	38	88.35
NC_000913.3	3507234	3507235	33	84.8
NC_000913.3	3507238	3507239	39	100
NC_000913.3	3507245	3507246	37	90.6
NC_000913.3	3507261	3507262	38	94.65
NC_000913.3	3507264	3507265	39	97.6
NC_000913.3	3507268	3507269	37	91.35
NC_000913.3	3507273	3507274	35	100
NC_000913.3	3507282	3507283	35	87.5
NC_000913.3	3507294	3507295	32	83.35
NC_000913.3	3507303	3507304	39	97.05
NC_000913.3	3507311	3507312	37	94.45
NC_000913.3	3507339	3507340	36	100
NC_000913.3	3507371	3507372	40	97.35
NC_000913.3	3507377	3507378	34	91.35
NC_000913.3	3507379	3507380	33	92.3
NC_000913.3	3507385	3507386	38	92.3
NC_000913.3	3507388	3507389	36	94.4
